Line 3 x;Line 3 y
3,500000000000E2;-1,134923057874E-6
3,588430367363E2;1,470860283027E-3
3,676870949034E2;-6,015092206822E-5
3,785714609978E2;-9,646845992074E-5
3,911565092945E2;-1,384606130627E-4
4,003396824712E2;1,332399669964E-3
4,057813548031E2;2,815744106628E-3
4,105422435386E2;5,802861594998E-3
4,156432687146E2;8,788844160310E-3
4,170571434300E2;1,293145043817E-2
4,175118845395E2;1,359940599877E-2
4,179095458101E2;1,364271065978E-2
4,183609775034E2;1,413215116105E-2
4,187248500903E2;1,443219983503E-2
4,190279918539E2;1,493329301222E-2
4,193313044017E2;1,493228095834E-2
4,196344904427E2;1,530319870525E-2
4,199372463608E2;1,693867777485E-2
4,202405589086E2;1,693766572097E-2
4,205434160321E2;1,827560094994E-2
4,210549855482E2;1,906889305821E-2
4,216927360445E2;2,044755291361E-2
4,220587137034E2;2,198983868845E-2
4,223614696216E2;2,362531775805E-2
4,230773423189E2;2,515952878873E-2
4,232704964163E2;2,630017616211E-2
4,235733535398E2;2,763811139108E-2
4,238045678752E2;2,856121248178E-2
4,242730471101E2;3,144433358221E-2
4,244814694861E2;3,299086436083E-2
4,247843266096E2;3,432879958980E-2
4,249352997471E2;3,633671448713E-2
4,252379291585E2;3,834412335752E-2
4,255409229092E2;3,928037440163E-2
4,257122307393E2;4,095348500800E-2
4,258431879812E2;4,235894109830E-2
4,261460451047E2;4,369687632727E-2
4,263135516604E2;4,465589521017E-2
4,266940824011E2;4,750360454534E-2
4,269025047771E2;4,905013532396E-2
4,272053619006E2;5,038807055293E-2
4,273563350381E2;5,239598545026E-2
4,275326854266E2;5,410627216914E-2
4,278313425265E2;5,590243840673E-2
4,279649607472E2;5,712808433002E-2
4,281085562831E2;5,826730308092E-2
4,282638437520E2;5,953400146381E-2
4,285654864109E2;6,444246278037E-2
4,285659418351E2;6,310351549752E-2
4,285664984648E2;6,146702437404E-2
4,287672140505E2;6,585512132079E-2
4,288926707795E2;6,856978717745E-2
4,289982760717E2;7,019848548606E-2
4,293206177625E2;7,370098468537E-2
4,294715529480E2;7,582047852294E-2
4,297742835648E2;7,753034355270E-2
4,299759099990E2;7,924054593375E-2
4,301013667280E2;8,195521179041E-2
4,302070023819E2;8,349464694682E-2
4,302262525955E2;8,634821087313E-2
4,305285413875E2;8,935704073215E-2
4,305566922987E2;9,081305031938E-2
4,306793380481E2;9,188379770159E-2
4,309810566110E2;9,656910113768E-2
4,309815120352E2;9,523015385483E-2
4,309820686648E2;9,359366273135E-2
4,311827842505E2;9,798175967809E-2
4,313082409796E2;1,006964255348E-1
4,314138766334E2;1,022358606912E-1
4,314331268470E2;1,050894246175E-1
4,317354573862E2;1,079755176422E-1
4,317447524686E2;1,103725714732E-1
4,321886519509E2;1,131903150175E-1
4,323935093671E2;1,153096289344E-1
4,324898771375E2;1,193261446767E-1
4,324903325618E2;1,179871973938E-1
4,324977407962E2;1,209774848796E-1
4,326198400365E2;1,236549690012E-1
4,326390902501E2;1,265085329275E-1
4,329414207893E2;1,293946259523E-1
4,329507158716E2;1,317916797833E-1
4,333929834171E2;1,394073177578E-1
4,333934388413E2;1,380683704749E-1
4,333938942656E2;1,367294231921E-1
4,333946153539E2;1,346094233276E-1
4,335981064974E2;1,407455790930E-1
4,336949296921E2;1,434231475524E-1
4,337027933507E2;1,450744877553E-1
4,338248925910E2;1,477519718769E-1
4,338436873804E2;1,519444830861E-1
4,338443088447E2;1,501173779397E-1
4,341453442712E2;1,568111023001E-1
4,341460179196E2;1,548305761109E-1
4,341548575777E2;1,585665772247E-1
4,345975805474E2;1,648432679163E-1
4,345980359716E2;1,635043206335E-1
4,345987570600E2;1,613843207690E-1
4,348027036277E2;1,661815292516E-1
4,348986159739E2;1,715369922767E-1
4,348990713981E2;1,701980449939E-1
4,348995268224E2;1,688590977110E-1
4,349064796325E2;1,731883324796E-1
4,350285788729E2;1,758658166012E-1
4,350470842781E2;1,809091172297E-1
4,350475397023E2;1,795701699468E-1
4,350479951265E2;1,782312226640E-1
4,351981940428E2;1,825153479422E-1
4,352912770659E2;1,838037726520E-1
4,353476642803E2;1,889417888729E-1
4,353481197046E2;1,876028415901E-1
4,353485751288E2;1,862638943072E-1
4,354987740451E2;1,905480195854E-1
4,355741429626E2;1,918978717488E-1
4,357994451322E2;1,983129017720E-1
4,357999005565E2;1,969739544892E-1
4,358003559807E2;1,956350072063E-1
4,358009126103E2;1,939985160828E-1
4,360045682126E2;1,996511631072E-1
4,360995697102E2;2,076845206981E-1
4,361000251345E2;2,063455734152E-1
4,361004805587E2;2,050066261324E-1
4,361009359830E2;2,036676788495E-1
4,361013914072E2;2,023287315667E-1
4,361293544559E2;2,092911562321E-1
4,361921062242E2;2,105796821473E-1
4,362484934386E2;2,157176983682E-1
4,362489488629E2;2,143787510854E-1
4,362494042871E2;2,130398038025E-1
4,363996032034E2;2,173239290807E-1
4,364926862265E2;2,186123537905E-1
4,365490734409E2;2,237503700114E-1
4,365495288652E2;2,224114227286E-1
4,365499842894E2;2,210724754457E-1
4,367001832057E2;2,253566007239E-1
4,367755521232E2;2,267064528873E-1
4,370008542928E2;2,331214829105E-1
4,370013097171E2;2,317825356277E-1
4,370017651413E2;2,304435883448E-1
4,370023217709E2;2,288070972214E-1
4,372059773732E2;2,344597442458E-1
4,372996125981E2;2,465099436851E-1
4,373000680224E2;2,451709964023E-1
4,373005234466E2;2,438320491194E-1
4,373009788708E2;2,424931018366E-1
4,373014342951E2;2,411541545537E-1
4,373018897193E2;2,398152072709E-1
4,373023451436E2;2,384762599880E-1
4,373028005678E2;2,371373127052E-1
4,373293973438E2;2,481165792192E-1
4,373921491121E2;2,494051051343E-1
4,374476254780E2;2,572210159210E-1
4,374480809023E2;2,558820686381E-1
4,374485363265E2;2,545431213553E-1
4,374489917508E2;2,532041740724E-1
4,374494471750E2;2,518652267896E-1
4,375609122592E2;2,585595836836E-1
4,376286110733E2;2,601660927109E-1
4,376913628416E2;2,614546186261E-1
4,377468392075E2;2,692705294127E-1
4,377472946318E2;2,679315821299E-1
4,377477500560E2;2,665926348470E-1
4,377482054803E2;2,652536875642E-1
4,377486609045E2;2,639147402813E-1
4,378979489723E2;2,708767601252E-1
4,379733178898E2;2,722266122886E-1
4,381977092110E2;2,813195368775E-1
4,381981646352E2;2,799805895947E-1
4,381986200594E2;2,786416423118E-1
4,381990754837E2;2,773026950290E-1
4,381995309079E2;2,759637477461E-1
4,382000875376E2;2,743272566227E-1
4,384028322913E2;2,826577982127E-1
4,384969229405E2;2,933690503693E-1
4,384973783647E2;2,920301030864E-1
4,384978337890E2;2,906911558036E-1
4,384982892132E2;2,893522085207E-1
4,384987446375E2;2,880132612379E-1
4,384992000617E2;2,866743139550E-1
4,384996554860E2;2,853353666722E-1
4,385267076862E2;2,949756859033E-1
4,385894594544E2;2,962642118185E-1
4,386444803962E2;3,054190698880E-1
4,386449358204E2;3,040801226051E-1
4,386453912446E2;3,027411753223E-1
4,386458466689E2;3,014022280394E-1
4,386463020931E2;3,000632807566E-1
4,386467575174E2;2,987243334737E-1
4,387955901609E2;3,070253006004E-1
4,388886731840E2;3,083137253102E-1
4,389441495499E2;3,161296360969E-1
4,389446049742E2;3,147906888140E-1
4,389450603984E2;3,134517415312E-1
4,389455158227E2;3,121127942483E-1
4,389459712469E2;3,107738469655E-1
4,390952593147E2;3,177358668093E-1
4,391706282322E2;3,190857189727E-1
4,393941087048E2;3,308565381274E-1
4,393945641291E2;3,295175908445E-1
4,393950195533E2;3,281786435617E-1
4,393954749776E2;3,268396962788E-1
4,393959304018E2;3,255007489960E-1
4,393963858261E2;3,241618017131E-1
4,393968412503E2;3,228228544303E-1
4,393973978800E2;3,211863633068E-1
4,395992317852E2;3,321947994626E-1
4,396905898889E2;3,509397353162E-1
4,396910453132E2;3,496007880334E-1
4,396915007374E2;3,482618407505E-1
4,396919561616E2;3,469228934677E-1
4,396924115859E2;3,455839461848E-1
4,396928670101E2;3,442449989020E-1
4,396933224344E2;3,429060516191E-1
4,396937778586E2;3,415671043363E-1
4,396942332829E2;3,402281570534E-1
4,396946887071E2;3,388892097706E-1
4,396951441314E2;3,375502624877E-1
4,396955995556E2;3,362113152049E-1
4,396960549799E2;3,348723679220E-1
4,397203746346E2;3,525463708502E-1
4,397831264029E2;3,538348967654E-1
4,398372364961E2;3,656676494006E-1
4,398376919203E2;3,643287021177E-1
4,398381473446E2;3,629897548349E-1
4,398386027688E2;3,616508075520E-1
4,398390581931E2;3,603118602692E-1
4,398395136173E2;3,589729129863E-1
4,398399690416E2;3,576339657035E-1
4,398404244658E2;3,562950184207E-1
4,399505232772E2;3,670062171632E-1
4,400182220914E2;3,686127261905E-1
4,400809738597E2;3,699012521057E-1
4,401350839529E2;3,817340047409E-1
4,401355393771E2;3,803950574580E-1
4,401359948014E2;3,790561101752E-1
4,401364502256E2;3,777171628923E-1
4,401369056499E2;3,763782156095E-1
4,401373610741E2;3,750392683266E-1
4,401378164983E2;3,737003210438E-1
4,401382719226E2;3,723613737609E-1
4,402483707340E2;3,830725725035E-1
4,403160695482E2;3,846790815308E-1
4,403611072109E2;3,860290348996E-1
4,405845876835E2;3,977998540542E-1
4,405850431078E2;3,964609067714E-1
4,405854985320E2;3,951219594885E-1
4,405859539563E2;3,937830122057E-1
4,405864093805E2;3,924440649228E-1
4,405868648048E2;3,911051176400E-1
4,405873202290E2;3,897661703571E-1
4,405878768587E2;3,881296792337E-1
4,407897107639E2;3,991381153894E-1
4,408819797161E2;4,152051566774E-1
4,408824351403E2;4,138662093945E-1
4,408828905646E2;4,125272621117E-1
4,408833459888E2;4,111883148288E-1
4,408838014131E2;4,098493675460E-1
4,408842568373E2;4,085104202631E-1
4,408847122616E2;4,071714729803E-1
4,408851676858E2;4,058325256974E-1
4,408856231101E2;4,044935784146E-1
4,408860785343E2;4,031546311317E-1
4,408865339586E2;4,018156838489E-1
4,409117644618E2;4,168117922114E-1
4,409745162300E2;4,181003181266E-1
4,410286263233E2;4,299330707618E-1
4,410290817475E2;4,285941234789E-1
4,410295371718E2;4,272551761961E-1
4,410299925960E2;4,259162289132E-1
4,410304480202E2;4,245772816304E-1
4,410309034445E2;4,232383343475E-1
4,410313588687E2;4,218993870647E-1
4,410318142930E2;4,205604397818E-1
4,411419131044E2;4,312716385244E-1
4,411793717486E2;4,326104593005E-1
4,412091564943E2;4,342170948345E-1
4,412719082626E2;4,355056207497E-1
4,413255629316E2;4,486773206677E-1
4,413260183558E2;4,473383733849E-1
4,413264737801E2;4,459994261020E-1
4,413269292043E2;4,446604788192E-1
4,413273846286E2;4,433215315363E-1
4,413278400528E2;4,419825842535E-1
4,413282954770E2;4,406436369707E-1
4,413287509013E2;4,393046896878E-1
4,413292063255E2;4,379657424050E-1
4,414388497127E2;4,500158884304E-1
4,415065485269E2;4,516223974577E-1
4,415515861896E2;4,529723508265E-1
4,417737003895E2;4,687600118296E-1
4,417741558137E2;4,674210645468E-1
4,417746112380E2;4,660821172639E-1
4,417750666622E2;4,647431699811E-1
4,417755220865E2;4,634042226982E-1
4,417759775107E2;4,620652754154E-1
4,417764329350E2;4,607263281325E-1
4,417768883592E2;4,593873808497E-1
4,417773437835E2;4,580484335668E-1
4,417777992077E2;4,567094862840E-1
4,417783558373E2;4,550729951605E-1
4,419788234698E2;4,700982731648E-1
4,420697261493E2;4,901821563013E-1
4,420701815736E2;4,888432090185E-1
4,420706369978E2;4,875042617356E-1
4,420710924221E2;4,861653144528E-1
4,420715478463E2;4,848263671699E-1
4,420720032705E2;4,834874198871E-1
4,420724586948E2;4,821484726042E-1
4,420729141190E2;4,808095253214E-1
4,420733695433E2;4,794705780385E-1
4,420738249675E2;4,781316307557E-1
4,420742803918E2;4,767926834728E-1
4,420747358160E2;4,754537361900E-1
4,420751912403E2;4,741147889071E-1
4,420756466645E2;4,727758416243E-1
4,420995108950E2;4,917887918353E-1
4,421622626633E2;4,930773177505E-1
4,422154619080E2;5,075879649514E-1
4,422159173322E2;5,062490176685E-1
4,422163727565E2;5,049100703857E-1
4,422168281807E2;5,035711231028E-1
4,422172836050E2;5,022321758200E-1
4,422177390292E2;5,008932285372E-1
4,422181944535E2;4,995542812543E-1
4,422186498777E2;4,982153339715E-1
4,422191053020E2;4,968763866886E-1
4,422195607262E2;4,955374394058E-1
4,423287486891E2;5,089265327140E-1
4,423662073334E2;5,102653534901E-1
4,423959920791E2;5,118719890242E-1
4,424587438473E2;5,131605149394E-1
4,425119430920E2;5,276711621402E-1
4,425123985163E2;5,263322148574E-1
4,425128539405E2;5,249932675745E-1
4,425133093648E2;5,236543202917E-1
4,425137647890E2;5,223153730088E-1
4,425142202133E2;5,209764257260E-1
4,425146756375E2;5,196374784431E-1
4,425151310618E2;5,182985311603E-1
4,425155864860E2;5,169595838774E-1
4,425160419103E2;5,156206365946E-1
4,426630528568E2;5,292773928527E-1
4,427384217743E2;5,306272450161E-1
4,429600805500E2;5,477538533021E-1
4,429605359742E2;5,464149060193E-1
4,429609913985E2;5,450759587364E-1
4,429614468227E2;5,437370114536E-1
4,429619022470E2;5,423980641707E-1
4,429623576712E2;5,410591168879E-1
4,429628130955E2;5,397201696050E-1
4,429632685197E2;5,383812223222E-1
4,429637239439E2;5,370422750393E-1
4,429641793682E2;5,357033277565E-1
4,429646347924E2;5,343643804736E-1
4,429651914221E2;5,327278893502E-1
4,431652036303E2;5,490921146373E-1
4,432561063098E2;5,691759977738E-1
4,432565617340E2;5,678370504910E-1
4,432570171583E2;5,664981032081E-1
4,432574725825E2;5,651591559253E-1
4,432579280068E2;5,638202086424E-1
4,432583834310E2;5,624812613596E-1
4,432588388553E2;5,611423140767E-1
4,432592942795E2;5,598033667939E-1
4,432597497038E2;5,584644195110E-1
4,432602051280E2;5,571254722282E-1
4,432606605523E2;5,557865249453E-1
4,432611159765E2;5,544475776625E-1
4,432615714007E2;5,531086303796E-1
4,432620268250E2;5,517696830968E-1
4,432858910555E2;5,707826333078E-1
4,433486428238E2;5,720711592230E-1
4,434018420685E2;5,865818064239E-1
4,434022974927E2;5,852428591410E-1
4,434027529170E2;5,839039118582E-1
4,434032083412E2;5,825649645753E-1
4,434036637655E2;5,812260172925E-1
4,434041191897E2;5,798870700096E-1
4,434045746139E2;5,785481227268E-1
4,434050300382E2;5,772091754439E-1
4,434054854624E2;5,758702281611E-1
4,434059408867E2;5,745312808782E-1
4,435151288496E2;5,879203741865E-1
4,435525874939E2;5,892591949626E-1
4,435823722395E2;5,908658304967E-1
4,436451240078E2;5,921543564118E-1
4,436974124040E2;6,093428981784E-1
4,436978678283E2;6,080039508956E-1
4,436983232525E2;6,066650036127E-1
4,436987786768E2;6,053260563299E-1
4,436992341010E2;6,039871090470E-1
4,436996895253E2;6,026481617642E-1
4,437001449495E2;6,013092144813E-1
4,437006003738E2;5,999702671985E-1
4,437010557980E2;5,986313199156E-1
4,437015112223E2;5,972923726328E-1
4,437019666465E2;5,959534253499E-1
4,437024220707E2;5,946144780671E-1
4,438106991852E2;6,106814659410E-1
4,438481578294E2;6,120202867172E-1
4,438779425751E2;6,136269222512E-1
4,439229802378E2;6,149768756200E-1
4,441441835892E2;6,334424311888E-1
4,441446390135E2;6,321034839060E-1
4,441450944377E2;6,307645366231E-1
4,441455498620E2;6,294255893403E-1
4,441460052862E2;6,280866420575E-1
4,441464607105E2;6,267476947746E-1
4,441469161347E2;6,254087474918E-1
4,441473715590E2;6,240698002089E-1
4,441478269832E2;6,227308529261E-1
4,441482824074E2;6,213919056432E-1
4,441487378317E2;6,200529583604E-1
4,441491932559E2;6,187140110775E-1
4,441497498856E2;6,170775199540E-1
4,443493066696E2;6,347806925241E-1
4,444383876521E2;6,602203647919E-1
4,444388430763E2;6,588814175091E-1
4,444392985006E2;6,575424702262E-1
4,444397539248E2;6,562035229434E-1
4,444402093490E2;6,548645756605E-1
4,444406647733E2;6,535256283777E-1
4,444411201975E2;6,521866810948E-1
4,444415756218E2;6,508477338120E-1
4,444420310460E2;6,495087865291E-1
4,444424864703E2;6,481698392463E-1
4,444429418945E2;6,468308919634E-1
4,444433973188E2;6,454919446806E-1
4,444438527430E2;6,441529973977E-1
4,444443081673E2;6,428140501149E-1
4,444447635915E2;6,414751028320E-1
4,444452190158E2;6,401361555492E-1
4,444456744400E2;6,387972082664E-1
4,444461298642E2;6,374582609835E-1
4,444681723977E2;6,618270003259E-1
4,445309241660E2;6,631155262411E-1
4,445827571380E2;6,816430152905E-1
4,445832125623E2;6,803040680077E-1
4,445836679865E2;6,789651207248E-1
4,445841234107E2;6,776261734420E-1
4,445845788350E2;6,762872261591E-1
4,445850342592E2;6,749482788763E-1
4,445854896835E2;6,736093315935E-1
4,445859451077E2;6,722703843106E-1
4,445864005320E2;6,709314370278E-1
4,445868559562E2;6,695924897449E-1
4,445873113805E2;6,682535424621E-1
4,445877668047E2;6,669145951792E-1
4,445882222290E2;6,655756478964E-1
4,446960439192E2;6,829815830532E-1
4,447335025634E2;6,843204038293E-1
4,447632873091E2;6,859270393633E-1
4,448260390773E2;6,872155652785E-1
4,448778720493E2;7,057430543279E-1
4,448783274736E2;7,044041070451E-1
4,448787828978E2;7,030651597622E-1
4,448792383221E2;7,017262124794E-1
4,448796937463E2;7,003872651965E-1
4,448801491706E2;6,990483179137E-1
4,448806045948E2;6,977093706308E-1
4,448810600190E2;6,963704233480E-1
4,448815154433E2;6,950314760651E-1
4,448819708675E2;6,936925287823E-1
4,448824262918E2;6,923535814994E-1
4,448828817160E2;6,910146342166E-1
4,448833371403E2;6,896756869337E-1
4,449911588305E2;7,070816220906E-1
4,450588576446E2;7,086881311179E-1
4,451038953073E2;7,100380844866E-1
4,453246432345E2;7,298425873383E-1
4,453250986588E2;7,285036400555E-1
4,453255540830E2;7,271646927727E-1
4,453260095073E2;7,258257454898E-1
4,453264649315E2;7,244867982070E-1
4,453269203558E2;7,231478509241E-1
4,453273757800E2;7,218089036413E-1
4,453278312042E2;7,204699563584E-1
4,453282866285E2;7,191310090756E-1
4,453287420527E2;7,177920617927E-1
4,453291974770E2;7,164531145099E-1
4,453296529012E2;7,151141672270E-1
4,453301083255E2;7,137752199442E-1
4,453306649551E2;7,121387288207E-1
4,455297663149E2;7,311808486736E-1
4,456188472974E2;7,566205209414E-1
4,456193027216E2;7,552815736586E-1
4,456197581458E2;7,539426263757E-1
4,456202135701E2;7,526036790929E-1
4,456206689943E2;7,512647318100E-1
4,456211244186E2;7,499257845272E-1
4,456215798428E2;7,485868372443E-1
4,456220352671E2;7,472478899615E-1
4,456224906913E2;7,459089426786E-1
4,456229461156E2;7,445699953958E-1
4,456234015398E2;7,432310481129E-1
4,456238569641E2;7,418921008301E-1
4,456243123883E2;7,405531535473E-1
4,456247678125E2;7,392142062644E-1
4,456252232368E2;7,378752589816E-1
4,456256786610E2;7,365363116987E-1
4,456261340853E2;7,351973644159E-1
4,456265895095E2;7,338584171330E-1
4,456486320430E2;7,582271564755E-1
4,457113838113E2;7,595156823906E-1
4,457636722075E2;7,767042241572E-1
4,457641276318E2;7,753652768743E-1
4,457645830560E2;7,740263295915E-1
4,457650384803E2;7,726873823087E-1
4,457654939045E2;7,713484350258E-1
4,457659493288E2;7,700094877430E-1
4,457664047530E2;7,686705404601E-1
4,457668601773E2;7,673315931773E-1
4,457673156015E2;7,659926458944E-1
4,457677710257E2;7,646536986116E-1
4,457682264500E2;7,633147513287E-1
4,457686818742E2;7,619758040459E-1
4,459147819723E2;7,783104548697E-1
4,460078649954E2;7,795988795795E-1
4,460606088158E2;7,954484740632E-1
4,460610642401E2;7,941095267803E-1
4,460615196643E2;7,927705794975E-1
4,460619750886E2;7,914316322146E-1
4,460624305128E2;7,900926849318E-1
4,460628859371E2;7,887537376489E-1
4,460633413613E2;7,874147903661E-1
4,460637967856E2;7,860758430832E-1
4,460642522098E2;7,847368958004E-1
4,460647076341E2;7,833979485176E-1
4,460651630583E2;7,820590012347E-1
4,461738955970E2;7,967870418258E-1
4,462415944111E2;7,983935508531E-1
4,462866320739E2;7,997435042219E-1
4,465082908495E2;8,168701125079E-1
4,465087462738E2;8,155311652251E-1
4,465092016980E2;8,141922179422E-1
4,465096571223E2;8,128532706594E-1
4,465101125465E2;8,115143233765E-1
4,465105679708E2;8,101753760937E-1
4,465110233950E2;8,088364288108E-1
4,465114788192E2;8,074974815280E-1
4,465119342435E2;8,061585342451E-1
4,465123896677E2;8,048195869623E-1
4,465128450920E2;8,034806396794E-1
4,465134017216E2;8,018441485560E-1
4,467134139299E2;8,182083738431E-1
4,468034057608E2;8,409701515453E-1
4,468038611851E2;8,396312042625E-1
4,468043166093E2;8,382922569796E-1
4,468047720336E2;8,369533096968E-1
4,468052274578E2;8,356143624139E-1
4,468056828821E2;8,342754151311E-1
4,468061383063E2;8,329364678482E-1
4,468065937306E2;8,315975205654E-1
4,468070491548E2;8,302585732825E-1
4,468075045791E2;8,289196259997E-1
4,468079600033E2;8,275806787168E-1
4,468084154276E2;8,262417314340E-1
4,468088708518E2;8,249027841511E-1
4,468093262760E2;8,235638368683E-1
4,468097817003E2;8,222248895854E-1
4,468102371245E2;8,208859423026E-1
4,468331905065E2;8,425767870793E-1
4,468959422748E2;8,438653129945E-1
4,469486860953E2;8,597149074782E-1
4,469491415195E2;8,583759601954E-1
4,469495969438E2;8,570370129125E-1
4,469500523680E2;8,556980656297E-1
4,469505077923E2;8,543591183468E-1
4,469509632165E2;8,530201710640E-1
4,469514186408E2;8,516812237811E-1
4,469518740650E2;8,503422764983E-1
4,469523294892E2;8,490033292154E-1
4,469527849135E2;8,476643819326E-1
4,469532403377E2;8,463254346498E-1
4,470619728764E2;8,610534752409E-1
4,470994315207E2;8,623922960170E-1
4,471292162663E2;8,639989315510E-1
4,471919680346E2;8,652874574662E-1
4,472447118551E2;8,811370519499E-1
4,472451672793E2;8,797981046671E-1
4,472456227036E2;8,784591573842E-1
4,472460781278E2;8,771202101014E-1
4,472465335521E2;8,757812628185E-1
4,472469889763E2;8,744423155357E-1
4,472474444006E2;8,731033682528E-1
4,472478998248E2;8,717644209700E-1
4,472483552491E2;8,704254736871E-1
4,472488106733E2;8,690865264043E-1
4,472492660976E2;8,677475791214E-1
4,473579986363E2;8,824756197125E-1
4,474256974504E2;8,840821287398E-1
4,474707351131E2;8,854320821086E-1
4,476923938888E2;9,025586903946E-1
4,476928493130E2;9,012197431118E-1
4,476933047373E2;8,998807958290E-1
4,476937601615E2;8,985418485461E-1
4,476942155858E2;8,972029012633E-1
4,476946710100E2;8,958639539804E-1
4,476951264343E2;8,945250066976E-1
4,476955818585E2;8,931860594147E-1
4,476960372827E2;8,918471121319E-1
4,476964927070E2;8,905081648490E-1
4,476969481312E2;8,891692175662E-1
4,476975047609E2;8,875327264427E-1
4,478975169691E2;9,038969517299E-1
4,479893304971E2;9,213029403006E-1
4,479897859213E2;9,199639930178E-1
4,479902413456E2;9,186250457349E-1
4,479906967698E2;9,172860984521E-1
4,479911521941E2;9,159471511692E-1
4,479916076183E2;9,146082038864E-1
4,479920630426E2;9,132692566035E-1
4,479925184668E2;9,119303093207E-1
4,479929738911E2;9,105913620379E-1
4,479934293153E2;9,092524147550E-1
4,479938847395E2;9,079134674722E-1
4,479943401638E2;9,065745201893E-1
4,480191152428E2;9,229095758347E-1
4,480818670110E2;9,241981017498E-1
4,481368879527E2;9,333529598193E-1
4,481373433770E2;9,320140125365E-1
4,481377988012E2;9,306750652536E-1
4,481382542255E2;9,293361179708E-1
4,481387096497E2;9,279971706879E-1
4,481391650740E2;9,266582234051E-1
4,483461174417E2;9,350036281309E-1
4,484370125308E2;9,427245787454E-1
4,484374679550E2;9,413856314625E-1
4,484379233793E2;9,400466841797E-1
4,484383788035E2;9,387077368968E-1
4,484388342278E2;9,373687896140E-1
4,484901121514E2;9,445236099388E-1
4,488887933827E2;9,520956916445E-1
4,488892488069E2;9,507567443616E-1
4,488897042312E2;9,494177970788E-1
4,488901596554E2;9,480788497959E-1
4,488907162850E2;9,464423586725E-1
4,490939164630E2;9,534339529797E-1
4,491884625365E2;9,628062578534E-1
4,491889179607E2;9,614673105705E-1
4,491893733849E2;9,601283632877E-1
4,491898288092E2;9,587894160048E-1
4,491902842334E2;9,574504687220E-1
4,491907396577E2;9,561115214392E-1
4,492182472821E2;9,644128933874E-1
4,492809990504E2;9,657014193026E-1
4,493364754164E2;9,735173300892E-1
4,493369308406E2;9,721783828064E-1
4,493373862649E2;9,708394355235E-1
4,493378416891E2;9,695004882407E-1
4,493382971133E2;9,681615409578E-1
4,494875851811E2;9,751235608017E-1
4,495806682042E2;9,764119855115E-1
4,496379662671E2;9,788721071667E-1
4,502436235861E2;9,817153460350E-1
4,502757993091E2;9,858468427447E-1
4,502835130572E2;9,870542591680E-1
4,503902259159E2;9,965734355497E-1
4,503907825455E2;9,949369444262E-1
4,503912379698E2;9,935979971434E-1
4,503916933940E2;9,922590498605E-1
4,503921488183E2;9,909201025777E-1
4,503928066533E2;9,889860676136E-1
4,510030245401E2;9,784212371633E-1
4,513070961282E2;9,761886463047E-1
4,513075515525E2;9,748496990219E-1
4,513080069767E2;9,735107517390E-1
4,513084624010E2;9,721718044562E-1
4,513089178252E2;9,708328571733E-1
4,513093732495E2;9,694939098905E-1
4,515831743061E2;9,670828939329E-1
4,516140520699E2;9,654760559880E-1
4,516145074942E2;9,641371087052E-1
4,516149629184E2;9,627981614224E-1
4,516579752083E2;9,601945122538E-1
4,517683143826E2;9,578137960648E-1
4,517688963135E2;9,561029189812E-1
4,517693517378E2;9,547639716983E-1
4,517698071620E2;9,534250244155E-1
4,517703890930E2;9,517141473318E-1
4,520743847771E2;9,497047143537E-1
4,520749414068E2;9,480682232302E-1
4,520753968310E2;9,467292759474E-1
4,521015457731E2;9,441628759841E-1
4,523422185110E2;9,425441801413E-1
4,525326427739E2;9,400330214523E-1
4,525330981981E2;9,386940741695E-1
4,525335536223E2;9,373551268866E-1
4,525340090466E2;9,360161796038E-1
4,525344644708E2;9,346772323209E-1
4,528082655274E2;9,322662163633E-1
4,528391432913E2;9,306593784185E-1
4,528395987156E2;9,293204311356E-1
4,528400541398E2;9,279814838528E-1
4,528405095641E2;9,266425365699E-1
4,528409649883E2;9,253035892871E-1
4,528414204125E2;9,239646420043E-1
4,528418758368E2;9,226256947214E-1
4,528423312610E2;9,212867474386E-1
4,528427866853E2;9,199478001557E-1
4,528432421095E2;9,186088528729E-1
4,528436975338E2;9,172699055900E-1
4,528441529580E2;9,159309583072E-1
4,528446083823E2;9,145920110243E-1
4,528450638065E2;9,132530637415E-1
4,528455192308E2;9,119141164586E-1
4,528885315206E2;9,093104672901E-1
4,529988706949E2;9,069297511011E-1
4,529994526259E2;9,052188740174E-1
4,529999080501E2;9,038799267346E-1
4,530003634744E2;9,025409794518E-1
4,530008188986E2;9,012020321689E-1
4,530012743228E2;8,998630848861E-1
4,530017297471E2;8,985241376032E-1
4,530021851713E2;8,971851903204E-1
4,530026405956E2;8,958462430375E-1
4,530030960198E2;8,945072957547E-1
4,530035514441E2;8,931683484718E-1
4,530040068683E2;8,918294011890E-1
4,531182044980E2;8,904900743859E-1
4,531565739907E2;8,891510005963E-1
4,531874517546E2;8,875441626515E-1
4,532993444315E2;8,855502478329E-1
4,533100519615E2;8,837947054380E-1
4,533105073858E2;8,824557581552E-1
4,533109628100E2;8,811168108723E-1
4,533114182343E2;8,797778635895E-1
4,533118736585E2;8,784389163066E-1
4,533123290828E2;8,770999690238E-1
4,533127845070E2;8,757610217409E-1
4,533132399313E2;8,744220744581E-1
4,533136953555E2;8,730831271752E-1
4,533141507798E2;8,717441798924E-1
4,533146062040E2;8,704052326095E-1
4,534288038337E2;8,690659058065E-1
4,534975956660E2;8,674589413549E-1
4,535696546251E2;8,658009585444E-1
4,537718521469E2;8,637089781145E-1
4,537723075711E2;8,623700308316E-1
4,537727629953E2;8,610310835488E-1
4,537732184196E2;8,596921362659E-1
4,537736738438E2;8,583531889831E-1
4,537741292681E2;8,570142417002E-1
4,537745846923E2;8,556752944174E-1
4,537750401166E2;8,543363471345E-1
4,537754955408E2;8,529973998517E-1
4,537759509651E2;8,516584525688E-1
4,537764063893E2;8,503195052860E-1
4,537768618136E2;8,489805580032E-1
4,540506628702E2;8,465695420455E-1
4,540815406340E2;8,449627041007E-1
4,540819960583E2;8,436237568179E-1
4,540824514825E2;8,422848095350E-1
4,540829069068E2;8,409458622522E-1
4,540833623310E2;8,396069149693E-1
4,540838177553E2;8,382679676865E-1
4,540842731795E2;8,369290204036E-1
4,540847286038E2;8,355900731208E-1
4,540851840280E2;8,342511258379E-1
4,540856394523E2;8,329121785551E-1
4,540860948765E2;8,315732312723E-1
4,540865503007E2;8,302342839894E-1
4,540870057250E2;8,288953367066E-1
4,540874611492E2;8,275563894237E-1
4,540879165735E2;8,262174421409E-1
4,540883719977E2;8,248784948580E-1
4,541192497616E2;8,232716569132E-1
4,542311424385E2;8,212777420945E-1
4,542418499686E2;8,195221996997E-1
4,542423053928E2;8,181832524168E-1
4,542427608171E2;8,168443051340E-1
4,542432162413E2;8,155053578511E-1
4,542436716656E2;8,141664105683E-1
4,542441270898E2;8,128274632854E-1
4,542445825141E2;8,114885160026E-1
4,542450379383E2;8,101495687198E-1
4,542454933626E2;8,088106214369E-1
4,542459487868E2;8,074716741541E-1
4,542464042110E2;8,061327268712E-1
4,543606018407E2;8,047934000682E-1
4,543989713334E2;8,034543262786E-1
4,544298490973E2;8,018474883338E-1
4,545417417742E2;7,998535735151E-1
4,545524493043E2;7,980980311202E-1
4,545529047285E2;7,967590838374E-1
4,545533601528E2;7,954201365545E-1
4,545538155770E2;7,940811892717E-1
4,545542710013E2;7,927422419889E-1
4,545547264255E2;7,914032947060E-1
4,545551818497E2;7,900643474232E-1
4,545556372740E2;7,887254001403E-1
4,545560926982E2;7,873864528575E-1
4,545565481225E2;7,860475055746E-1
4,545570035467E2;7,847085582918E-1
4,546712011764E2;7,833692314887E-1
4,547399930087E2;7,817622670372E-1
4,548120519678E2;7,801042842267E-1
4,550142494896E2;7,780123037967E-1
4,550147049138E2;7,766733565139E-1
4,550151603381E2;7,753344092310E-1
4,550156157623E2;7,739954619482E-1
4,550160711866E2;7,726565146653E-1
4,550165266108E2;7,713175673825E-1
4,550169820351E2;7,699786200996E-1
4,550174374593E2;7,686396728168E-1
4,550178928835E2;7,673007255339E-1
4,550183483078E2;7,659617782511E-1
4,550188037320E2;7,646228309682E-1
4,550192591563E2;7,632838836854E-1
4,552930602129E2;7,608728677278E-1
4,553239379768E2;7,592660297830E-1
4,553243934010E2;7,579270825001E-1
4,553248488253E2;7,565881352173E-1
4,553253042495E2;7,552491879344E-1
4,553257596737E2;7,539102406516E-1
4,553262150980E2;7,525712933687E-1
4,553266705222E2;7,512323460859E-1
4,553271259465E2;7,498933988030E-1
4,553275813707E2;7,485544515202E-1
4,553280367950E2;7,472155042373E-1
4,553284922192E2;7,458765569545E-1
4,553289476435E2;7,445376096716E-1
4,553294030677E2;7,431986623888E-1
4,553298584920E2;7,418597151059E-1
4,553303139162E2;7,405207678231E-1
4,553307693405E2;7,391818205403E-1
4,553312247647E2;7,378428732574E-1
4,553316801889E2;7,365039259746E-1
4,553321356132E2;7,351649786917E-1
4,553325910374E2;7,338260314089E-1
4,553634688013E2;7,322191934641E-1
4,554753614782E2;7,302252786454E-1
4,554860690083E2;7,284697362505E-1
4,554865244325E2;7,271307889677E-1
4,554869798568E2;7,257918416848E-1
4,554874352810E2;7,244528944020E-1
4,554878907053E2;7,231139471191E-1
4,554883461295E2;7,217749998363E-1
4,554888015538E2;7,204360525534E-1
4,554892569780E2;7,190971052706E-1
4,554897124023E2;7,177581579878E-1
4,554901678265E2;7,164192107049E-1
4,554906232508E2;7,150802634221E-1
4,556048208804E2;7,137409366190E-1
4,556431903731E2;7,124018628294E-1
4,556436457974E2;7,110629155466E-1
4,556745235612E2;7,094560776018E-1
4,557864162382E2;7,074621627831E-1
4,557971237682E2;7,057066203882E-1
4,557975791925E2;7,043676731054E-1
4,557980346167E2;7,030287258225E-1
4,557984900410E2;7,016897785397E-1
4,557989454652E2;7,003508312569E-1
4,557994008895E2;6,990118839740E-1
4,557998563137E2;6,976729366912E-1
4,558003117379E2;6,963339894083E-1
4,558007671622E2;6,949950421255E-1
4,558012225864E2;6,936560948426E-1
4,558016780107E2;6,923171475598E-1
4,558021334349E2;6,909782002769E-1
4,559163310646E2;6,896388734739E-1
4,559547005573E2;6,882997996843E-1
4,559551559815E2;6,869608524014E-1
4,559860337454E2;6,853540144566E-1
4,561584270033E2;6,838359673722E-1
4,562602902263E2;6,816040512162E-1
4,562607456505E2;6,802651039333E-1
4,562612010748E2;6,789261566505E-1
4,562616564990E2;6,775872093676E-1
4,562621119233E2;6,762482620848E-1
4,562625673475E2;6,749093148019E-1
4,562630227717E2;6,735703675191E-1
4,562634781960E2;6,722314202362E-1
4,562639336202E2;6,708924729534E-1
4,562643890445E2;6,695535256705E-1
4,562648444687E2;6,682145783877E-1
4,562652998930E2;6,668756311048E-1
4,565391009496E2;6,644646151472E-1
4,565699787135E2;6,628577772024E-1
4,565704341377E2;6,615188299196E-1
4,565708895619E2;6,601798826367E-1
4,565713449862E2;6,588409353539E-1
4,565718004104E2;6,575019880710E-1
4,565722558347E2;6,561630407882E-1
4,565727112589E2;6,548240935053E-1
4,565731666832E2;6,534851462225E-1
4,565736221074E2;6,521461989396E-1
4,565740775317E2;6,508072516568E-1
4,565745329559E2;6,494683043739E-1
4,565749883802E2;6,481293570911E-1
4,565754438044E2;6,467904098083E-1
4,565758992287E2;6,454514625254E-1
4,565763546529E2;6,441125152426E-1
4,565768100771E2;6,427735679597E-1
4,565772655014E2;6,414346206769E-1
4,565777209256E2;6,400956733940E-1
4,565781763499E2;6,387567261112E-1
4,565786317741E2;6,374177788283E-1
4,566211886398E2;6,361530769426E-1
4,567315278140E2;6,337723607536E-1
4,567321097450E2;6,320614836700E-1
4,567325651692E2;6,307225363871E-1
4,567330205935E2;6,293835891043E-1
4,567334760177E2;6,280446418214E-1
4,567339314420E2;6,267056945386E-1
4,567343868662E2;6,253667472558E-1
4,567348422905E2;6,240277999729E-1
4,567352977147E2;6,226888526901E-1
4,567357531390E2;6,213499054072E-1
4,567362085632E2;6,200109581244E-1
4,568504061928E2;6,186716313213E-1
4,568887756856E2;6,173325575317E-1
4,568892311098E2;6,159936102489E-1
4,568896865341E2;6,146546629660E-1
4,569322433997E2;6,133899610803E-1
4,570425825739E2;6,110092448913E-1
4,570431645049E2;6,092983678077E-1
4,570436199292E2;6,079594205249E-1
4,570440753534E2;6,066204732420E-1
4,570445307776E2;6,052815259592E-1
4,570449862019E2;6,039425786763E-1
4,570454416261E2;6,026036313935E-1
4,570458970504E2;6,012646841106E-1
4,570463524746E2;5,999257368278E-1
4,570468078989E2;5,985867895449E-1
4,570725014168E2;5,973593368645E-1
4,571990106818E2;5,969795467786E-1
4,573131741547E2;5,957406410217E-1
4,575035984175E2;5,932294823327E-1
4,575040538417E2;5,918905350499E-1
4,575045092660E2;5,905515877670E-1
4,575049646902E2;5,892126404842E-1
4,575054201145E2;5,878736932013E-1
4,575058755387E2;5,865347459185E-1
4,575063309630E2;5,851957986356E-1
4,575067863872E2;5,838568513528E-1
4,577805874438E2;5,814458353952E-1
4,578114652077E2;5,798389974504E-1
4,578119206319E2;5,785000501675E-1
4,578123760562E2;5,771611028847E-1
4,578128314804E2;5,758221556018E-1
4,578132869047E2;5,744832083190E-1
4,578137423289E2;5,731442610361E-1
4,578141977532E2;5,718053137533E-1
4,578146531774E2;5,704663664704E-1
4,578151086017E2;5,691274191876E-1
4,578155640259E2;5,677884719047E-1
4,578160194501E2;5,664495246219E-1
4,578585763158E2;5,651848227362E-1
4,579689154900E2;5,628041065472E-1
4,579694974210E2;5,610932294635E-1
4,579699528453E2;5,597542821807E-1
4,579704082695E2;5,584153348979E-1
4,579708636937E2;5,570763876150E-1
4,579713191180E2;5,557374403322E-1
4,579717745422E2;5,543984930493E-1
4,579722299665E2;5,530595457665E-1
4,580864275961E2;5,517202189634E-1
4,581247970888E2;5,503811451738E-1
4,581673539545E2;5,491164432881E-1
4,582776931287E2;5,467357270991E-1
4,582782750597E2;5,450248500155E-1
4,582787304839E2;5,436859027327E-1
4,582791859082E2;5,423469554498E-1
4,582796413324E2;5,410080081670E-1
4,582800967567E2;5,396690608841E-1
4,582805521809E2;5,383301136013E-1
4,582810076052E2;5,369911663184E-1
4,583067011230E2;5,357637136380E-1
4,584332103881E2;5,353839235521E-1
4,585473738610E2;5,341450177952E-1
4,587377981238E2;5,316338591062E-1
4,587382535480E2;5,302949118234E-1
4,587387089723E2;5,289559645405E-1
4,587391643965E2;5,276170172577E-1
4,587396198208E2;5,262780699748E-1
4,587400752450E2;5,249391226920E-1
4,587405306693E2;5,236001754091E-1
4,587409860935E2;5,222612281263E-1
4,590147871501E2;5,198502121687E-1
4,590456649140E2;5,182433742238E-1
4,590461203382E2;5,169044269410E-1
4,590465757625E2;5,155654796582E-1
4,590470311867E2;5,142265323753E-1
4,590474866110E2;5,128875850925E-1
4,590479420352E2;5,115486378096E-1
4,590483974595E2;5,102096905268E-1
4,590488528837E2;5,088707432439E-1
4,590493083080E2;5,075317959611E-1
4,590497637322E2;5,061928486782E-1
4,590502191564E2;5,048539013954E-1
4,590927760221E2;5,035891995096E-1
4,592031151963E2;5,012084833207E-1
4,592036971273E2;4,994976062370E-1
4,592041525515E2;4,981586589542E-1
4,592046079758E2;4,968197116713E-1
4,592050634000E2;4,954807643885E-1
4,592055188243E2;4,941418171057E-1
4,592059742485E2;4,928028698228E-1
4,593201718782E2;4,914635430198E-1
4,593585413709E2;4,901244692302E-1
4,593894191348E2;4,885176312854E-1
4,595013118117E2;4,865237164667E-1
4,595120193418E2;4,847681740718E-1
4,595124747660E2;4,834292267890E-1
4,595129301902E2;4,820902795061E-1
4,595133856145E2;4,807513322233E-1
4,596655883975E2;4,791440894569E-1
4,597679786114E2;4,774860054410E-1
4,599701761331E2;4,753940250111E-1
4,599706315573E2;4,740550777282E-1
4,599710869816E2;4,727161304454E-1
4,599715424058E2;4,713771831625E-1
4,599719978301E2;4,700382358797E-1
4,602457988867E2;4,676272199221E-1
4,602766766506E2;4,660203819773E-1
4,602771320748E2;4,646814346944E-1
4,602775874991E2;4,633424874116E-1
4,602780429233E2;4,620035401287E-1
4,602784983475E2;4,606645928459E-1
4,602789537718E2;4,593256455630E-1
4,603098315357E2;4,577188076182E-1
4,604217242126E2;4,557248927996E-1
4,604324317427E2;4,539693504047E-1
4,604328871669E2;4,526304031219E-1
4,604333425911E2;4,512914558390E-1
4,605855453741E2;4,496842130727E-1
4,607277693058E2;4,476901970486E-1
4,607384768359E2;4,459346546537E-1
4,607389322601E2;4,445957073709E-1
4,607393876844E2;4,432567600880E-1
4,607398431086E2;4,419178128052E-1
4,608920458916E2;4,403105700388E-1
4,609944361055E2;4,386524860229E-1
4,611966336272E2;4,365605055930E-1
4,611970890515E2;4,352215583101E-1
4,611975444757E2;4,338826110273E-1
4,611979999000E2;4,325436637444E-1
4,611984553242E2;4,312047164616E-1
4,614722563808E2;4,287937005040E-1
4,615031341447E2;4,271868625592E-1
4,615035895689E2;4,258479152763E-1
4,615040449932E2;4,245089679935E-1
4,615045004174E2;4,231700207106E-1
4,615049558417E2;4,218310734278E-1
4,615358336055E2;4,202242354830E-1
4,616477262825E2;4,182303206643E-1
4,616584338125E2;4,164747782695E-1
4,616588892368E2;4,151358309866E-1
4,618110920197E2;4,135285882202E-1
4,619533159515E2;4,115345721962E-1
4,620337176231E2;4,092348505387E-1
4,624199031516E2;4,070996171548E-1
4,624203585759E2;4,057606698720E-1
4,626941596325E2;4,033496539144E-1
4,627250373963E2;4,017428159696E-1
4,627559151602E2;4,001359780247E-1
4,628678078372E2;3,981420632061E-1
4,628785153672E2;3,963865208112E-1
4,631699742339E2;3,940795861613E-1
4,632528883293E2;3,918244876461E-1
4,636390738578E2;3,896892542623E-1
4,636395292820E2;3,883503069794E-1
4,639133303387E2;3,859392910218E-1
4,639442081025E2;3,843324530770E-1
4,639750858664E2;3,827256151322E-1
4,640869785433E2;3,807317003135E-1
4,640976860734E2;3,789761579187E-1
4,640981414976E2;3,776372106358E-1
4,643896003643E2;3,753302759860E-1
4,644028203181E2;3,736193567334E-1
4,644729698840E2;3,717362301879E-1
4,648591554125E2;3,696009968041E-1
4,648596108367E2;3,682620495212E-1
4,648600662610E2;3,669231022384E-1
4,651338673176E2;3,645120862807E-1
4,651647450814E2;3,629052483359E-1
4,651956228453E2;3,612984103911E-1
4,653075155223E2;3,593044955725E-1
4,653182230523E2;3,575489531776E-1
4,653186784766E2;3,562100058948E-1
4,656101373432E2;3,539030712449E-1
4,656233572970E2;3,521921519923E-1
4,656935068629E2;3,503090254468E-1
4,660796923914E2;3,481737920630E-1
4,660801478156E2;3,468348447801E-1
4,660806032399E2;3,454958974973E-1
4,663544042965E2;3,430848815397E-1
4,663852820604E2;3,414780435949E-1
4,663857374846E2;3,401390963120E-1
4,664166152485E2;3,385322583672E-1
4,665285079254E2;3,365383435485E-1
4,665392154555E2;3,347828011537E-1
4,665396708797E2;3,334438538708E-1
4,668311297464E2;3,311369192210E-1
4,668443497002E2;3,294259999684E-1
4,668448051245E2;3,280870526856E-1
4,671202912508E2;3,256760311054E-1
4,673011402188E2;3,240686927562E-1
4,673015956431E2;3,227297454734E-1
4,675753966997E2;3,203187295157E-1
4,676062744635E2;3,187118915709E-1
4,676067298878E2;3,173729442881E-1
4,676376076517E2;3,157661063433E-1
4,677495003286E2;3,137721915246E-1
4,677602078586E2;3,120166491298E-1
4,677606632829E2;3,106777018469E-1
4,679128660659E2;3,090704590805E-1
4,680550899976E2;3,070764430565E-1
4,680657975276E2;3,053209006616E-1
4,681359470935E2;3,034377741161E-1
4,685221326220E2;3,013025407323E-1
4,685225880462E2;2,999635934494E-1
4,685230434705E2;2,986246461666E-1
4,687968445271E2;2,962136302090E-1
4,688277222910E2;2,946067922642E-1
4,688281777152E2;2,932678449813E-1
4,688590554791E2;2,916610070365E-1
4,689709481560E2;2,896670922178E-1
4,689816556861E2;2,879115498230E-1
4,689821111103E2;2,865726025401E-1
4,691343138933E2;2,849653597738E-1
4,692765378250E2;2,829713437497E-1
4,692872453550E2;2,812158013549E-1
4,692877007793E2;2,798768540720E-1
4,695631869056E2;2,774658324919E-1
4,697440358736E2;2,758584941426E-1
4,697444912979E2;2,745195468598E-1
4,700182923545E2;2,721085309022E-1
4,700491701184E2;2,705016929574E-1
4,700496255426E2;2,691627456745E-1
4,700500809669E2;2,678237983917E-1
4,700809587307E2;2,662169604469E-1
4,701928514077E2;2,642230456282E-1
4,702035589377E2;2,624675032334E-1
4,702040143620E2;2,611285559505E-1
4,703562171449E2;2,595213131841E-1
4,704984410766E2;2,575272971601E-1
4,705091486067E2;2,557717547652E-1
4,707846347330E2;2,533607331851E-1
4,709654837011E2;2,517533948359E-1
4,709659391253E2;2,504144475530E-1
4,712397401819E2;2,480034315954E-1
4,712706179458E2;2,463965936506E-1
4,712710733700E2;2,450576463678E-1
4,713019511339E2;2,434508084229E-1
4,714138438108E2;2,414568936043E-1
4,714245513409E2;2,397013512094E-1
4,717160102076E2;2,373944165596E-1
4,717292301614E2;2,356834973070E-1
4,717993797272E2;2,338003707615E-1
4,721855652557E2;2,316651373776E-1
4,721860206800E2;2,303261900948E-1
4,723381323781E2;2,289867367850E-1
4,723385878023E2;2,276477895022E-1
4,723390432266E2;2,263088422193E-1
4,723394986508E2;2,249698949365E-1
4,726309575175E2;2,226629602866E-1
4,726441774713E2;2,209520410340E-1
4,726446328956E2;2,196130937512E-1
4,729360917622E2;2,173061591013E-1
4,729493117160E2;2,155952398488E-1
4,732026794048E2;2,138091334267E-1
4,735570753722E2;2,122458475339E-1
4,738608433441E2;2,109058881972E-1
4,741175318347E2;2,086455607369E-1
4,744688347124E2;2,068870222409E-1
4,747726026844E2;2,055470629041E-1
4,750764971631E2;2,038351737666E-1
4,755284475340E2;2,015611772536E-1
4,761983111325E2;1,995588919060E-1
4,764851876089E2;1,989581985708E-1
4,772829770316E2;1,967462761014E-1
4,777582122322E2;1,966107958220E-1
4,782127256296E2;1,979482250240E-1
4,785660589403E2;1,995091494578E-1
4,788689160638E2;2,008470846868E-1
4,791717731873E2;2,021850199158E-1
4,794746303108E2;2,035229551447E-1
4,797774874343E2;2,048608903737E-1
4,801813728364E2;2,064216461318E-1
4,804507309764E2;2,071646061300E-1
4,810569006477E2;2,085015293051E-1
4,815450648366E2;2,099876179770E-1
4,818983981473E2;2,115485424108E-1
4,823448789996E2;2,142082073560E-1
4,826548435877E2;2,169436435101E-1
4,829572452870E2;2,196205260219E-1
4,832596469862E2;2,222974085337E-1
4,835620486855E2;2,249742910455E-1
4,838644503847E2;2,276511735573E-1
4,842929555787E2;2,311412308192E-1
4,847645480179E2;2,342843201676E-1
4,850745126060E2;2,370197563217E-1
4,853769143052E2;2,396966388335E-1
4,858054194992E2;2,431866960955E-1
4,862770119384E2;2,463297854439E-1
4,865869765265E2;2,490652215980E-1
4,868893782258E2;2,517421041098E-1
4,871917799250E2;2,544189866216E-1
4,874941816243E2;2,570958691334E-1
4,877965833235E2;2,597727516452E-1
4,880989850228E2;2,624496341570E-1
4,884013867220E2;2,651265166689E-1
4,887037884213E2;2,678033991807E-1
4,890061901206E2;2,704802816925E-1
4,893085918198E2;2,731571642043E-1
4,896109935191E2;2,758340467161E-1
4,899133952183E2;2,785109292279E-1
4,902157969176E2;2,811878117397E-1
4,906443021116E2;2,846778690017E-1
4,911109601555E2;2,874657822579E-1
4,911228897406E2;2,895485469734E-1
4,914254037146E2;2,918953417870E-1
4,917272377149E2;2,962412592799E-1
4,917279208512E2;2,942328383556E-1
4,920297516889E2;2,985880540935E-1
4,923315856891E2;3,029339715864E-1
4,923322688255E2;3,009255506621E-1
4,926340996631E2;3,052807664000E-1
4,929359336634E2;3,096266838928E-1
4,929366167998E2;3,076182629686E-1
4,932384476374E2;3,119734787064E-1
4,935409647740E2;3,143109752750E-1
4,936918367062E2;3,166164340130E-1
4,938352441084E2;3,185741636886E-1
4,941451973109E2;3,213430735247E-1
4,944470313112E2;3,256889910176E-1
4,944477144476E2;3,236805700933E-1
4,947495452852E2;3,280357858312E-1
4,950519469844E2;3,307126683430E-1
4,953543486837E2;3,333895508548E-1
4,956568658203E2;3,357270474234E-1
4,958077377525E2;3,380325061614E-1
4,959511451547E2;3,399902358370E-1
4,962610983572E2;3,427591456731E-1
4,965635000565E2;3,454360281850E-1
4,968660171931E2;3,477735247536E-1
4,970168891252E2;3,500789834915E-1
4,971602965275E2;3,520367131671E-1
4,974702497300E2;3,548056230033E-1
4,977720837303E2;3,591515404961E-1
4,977727668666E2;3,571431195718E-1
4,980745977042E2;3,614983353097E-1
4,983769994035E2;3,641752178215E-1
4,986788334038E2;3,685211353144E-1
4,986795165402E2;3,665127143901E-1
4,989813473778E2;3,708679301280E-1
4,992837490770E2;3,735448126398E-1
4,995862662137E2;3,758823092084E-1
4,997371381458E2;3,781877679464E-1
4,998805455480E2;3,801454976220E-1
5,001904987505E2;3,829144074581E-1
5,004929004498E2;3,855912899699E-1
5,007953021491E2;3,882681724818E-1
5,010977038483E2;3,909450549936E-1
5,014001055476E2;3,936219375054E-1
5,018286107416E2;3,971119947673E-1
5,022984412581E2;3,998617746767E-1
5,024338695643E2;4,011268125081E-1
5,029037000809E2;4,038765924175E-1
5,030391283871E2;4,051416302489E-1
5,035089589037E2;4,078914101583E-1
5,036443872098E2;4,091564479897E-1
5,039723559202E2;4,109778076218E-1
5,043924307054E2;4,132442453574E-1
5,044868411004E2;4,143457711254E-1
5,049976895282E2;4,172590630982E-1
5,050920999231E2;4,183605888662E-1
5,056029483509E2;4,212738808390E-1
5,056973587459E2;4,223754066070E-1
5,062346132407E2;4,256819257894E-1
5,066706813236E2;4,292305366936E-1
5,071158676957E2;4,319803988324E-1
5,072102780907E2;4,330819246004E-1
5,077211265184E2;4,359952165731E-1
5,078155369134E2;4,370967423411E-1
5,083101959581E2;4,393043523365E-1
5,086639087890E2;4,397494873679E-1
5,089672213368E2;4,397484753141E-1
5,092705338845E2;4,397474632602E-1
5,095738464323E2;4,397464512063E-1
5,098771589800E2;4,397454391524E-1
5,101802438156E2;4,404139007400E-1
5,106159045468E2;4,414445511097E-1
5,108367302756E2;4,424424446689E-1
5,112404714600E2;4,444272003999E-1
5,115433285835E2;4,457651356289E-1
5,119880475132E2;4,480314911351E-1
5,121234758194E2;4,492965289665E-1
5,125524728083E2;4,513407091278E-1
5,128218309484E2;4,520836691260E-1
5,132092704749E2;4,524543057468E-1
5,135630592099E2;4,526762828977E-1
5,138156678583E2;4,531217552805E-1
5,141189804060E2;4,531207432266E-1
5,144222929538E2;4,531197311727E-1
5,147253777894E2;4,537881927602E-1
5,150286903371E2;4,537871807064E-1
5,153322305970E2;4,531166950111E-1
5,156355431447E2;4,531156829572E-1
5,160062584809E2;4,531144460024E-1
5,164487980158E2;4,524992859192E-1
5,168492487600E2;4,517726874588E-1
5,171525613077E2;4,517716754049E-1
5,174558738555E2;4,517706633510E-1
5,178094348783E2;4,526621141434E-1
5,180620435267E2;4,531075865261E-1
5,183653560745E2;4,531065744723E-1
5,186684409101E2;4,537750360598E-1
5,190222296451E2;4,539970132108E-1
5,193422410819E2;4,544422606926E-1
5,197847806168E2;4,538271006094E-1
5,202526341493E2;4,531002772481E-1
5,207112197985E2;4,523734848107E-1
5,209439681546E2;4,517590247314E-1
5,213183003183E2;4,510325134201E-1
5,215931374650E2;4,505294917180E-1
5,220064729202E2;4,490775879772E-1
5,223102408922E2;4,477376286404E-1
5,226140088642E2;4,463976693037E-1
5,229177768362E2;4,450577099670E-1
5,232215448081E2;4,437177506302E-1
5,235253127801E2;4,423777912935E-1
5,240397173122E2;4,404094983056E-1
5,243265937887E2;4,398088049703E-1
5,249505658040E2;4,377285675782E-1
5,252374422805E2;4,371278742430E-1
5,256507777356E2;4,356759705021E-1
5,262329111272E2;4,333680659673E-1
5,265620816516E2;4,316560924919E-1
5,268659761303E2;4,299442033544E-1
5,271194450245E2;4,278605530918E-1
5,274739674985E2;4,259253373981E-1
5,277274363927E2;4,238416871355E-1
5,280819588668E2;4,219064714418E-1
5,283354277609E2;4,198228211792E-1
5,286899502350E2;4,178876054855E-1
5,289434191292E2;4,158039552229E-1
5,292978150965E2;4,142406693300E-1
5,296017095752E2;4,125287801925E-1
5,298551784694E2;4,104451299298E-1
5,302095744367E2;4,088818440370E-1
5,304662629273E2;4,066215165767E-1
5,308175658050E2;4,048629780807E-1
5,311213337769E2;4,035230187440E-1
5,314251017489E2;4,021830594072E-1
5,318975031986E2;4,004706080175E-1
5,323361779528E2;3,988326550385E-1
5,326399459248E2;3,974926957017E-1
5,329437138968E2;3,961527363650E-1
5,332474818688E2;3,948127770283E-1
5,335512498408E2;3,934728176916E-1
5,338550178128E2;3,921328583548E-1
5,341587857848E2;3,907928990181E-1
5,344625537567E2;3,894529396814E-1
5,347663217287E2;3,881129803446E-1
5,350702162075E2;3,864010912071E-1
5,353742118916E2;3,843916582290E-1
5,356657719637E2;3,817871797385E-1
5,359319041820E2;3,796291013467E-1
5,362392206679E2;3,771454473304E-1
5,365906500523E2;3,750149790335E-1
5,368822101244E2;3,724105005430E-1
5,371864335206E2;3,697315939234E-1
5,374906569168E2;3,670526873039E-1
5,377567891352E2;3,648946089121E-1
5,381113116092E2;3,629593932185E-1
5,383647805034E2;3,608757429558E-1
5,387193029775E2;3,589405272622E-1
5,389727718716E2;3,568568769995E-1
5,393271678390E2;3,552935911067E-1
5,396310623177E2;3,535817019692E-1
5,398845312119E2;3,514980517065E-1
5,402389271792E2;3,499347658137E-1
5,405426951512E2;3,485948064769E-1
5,408464631232E2;3,472548471402E-1
5,411503576019E2;3,455429580027E-1
5,414038264961E2;3,434593077400E-1
5,417582224634E2;3,418960218472E-1
5,420621169421E2;3,401841327097E-1
5,423536770142E2;3,375796542191E-1
5,426579004104E2;3,349007475996E-1
5,429240326288E2;3,327426692078E-1
5,432785551028E2;3,308074535142E-1
5,435701151749E2;3,282029750237E-1
5,438743385711E2;3,255240684041E-1
5,441785619674E2;3,228451617845E-1
5,444827853636E2;3,201662551650E-1
5,447870087599E2;3,174873485454E-1
5,450531409782E2;3,153292701537E-1
5,454076634523E2;3,133940544600E-1
5,456992235243E2;3,107895759695E-1
5,460034469206E2;3,081106693499E-1
5,463076703168E2;3,054317627304E-1
5,465738025352E2;3,032736843386E-1
5,469281985025E2;3,017103984458E-1
5,472319664745E2;3,003704391091E-1
5,475358609532E2;2,986585499715E-1
5,477893298474E2;2,965748997089E-1
5,481437258147E2;2,950116138160E-1
5,484474937867E2;2,936716544793E-1
5,487513882654E2;2,919597653418E-1
5,490048571596E2;2,898761150791E-1
5,493593796337E2;2,879408993855E-1
5,496128485278E2;2,858572491228E-1
5,499673710019E2;2,839220334292E-1
5,502208398961E2;2,818383831665E-1
5,505281563820E2;2,793547291501E-1
5,508794592596E2;2,775961906541E-1
5,511833537383E2;2,758843015166E-1
5,514368226325E2;2,738006512539E-1
5,517913451066E2;2,718654355603E-1
5,520448140008E2;2,697817852976E-1
5,523993364748E2;2,678465696040E-1
5,526528053690E2;2,657629193413E-1
5,530072013363E2;2,641996334485E-1
5,533110958150E2;2,624877443109E-1
5,536026558871E2;2,598832658204E-1
5,538687881054E2;2,577251874287E-1
5,542233105795E2;2,557899717351E-1
5,545148706516E2;2,531854932446E-1
5,547810028699E2;2,510274148528E-1
5,551355253440E2;2,490921991592E-1
5,553889942381E2;2,470085488965E-1
5,557433902055E2;2,454452630037E-1
5,560000786960E2;2,431849355434E-1
5,563513815737E2;2,414263970474E-1
5,566551495457E2;2,400864377107E-1
5,569589175177E2;2,387464783739E-1
5,572626854897E2;2,374065190372E-1
5,575665799684E2;2,356946298997E-1
5,578200488626E2;2,336109796370E-1
5,581744448299E2;2,320476937442E-1
5,584783393086E2;2,303358046066E-1
5,587318082028E2;2,282521543440E-1
5,590863306769E2;2,263169386503E-1
5,593397995710E2;2,242332883877E-1
5,596943220451E2;2,222980726940E-1
5,599477909393E2;2,202144224314E-1
5,603021869066E2;2,186511365385E-1
5,606060813853E2;2,169392474010E-1
5,608595502795E2;2,148555971384E-1
5,612139462468E2;2,132923112455E-1
5,615177142188E2;2,119523519088E-1
5,618216086975E2;2,102404627713E-1
5,620750775917E2;2,081568125086E-1
5,624294735590E2;2,065935266157E-1
5,627332415310E2;2,052535672790E-1
5,630370095030E2;2,039136079423E-1
5,632936979936E2;2,016532804820E-1
5,636450008713E2;1,998947419860E-1
5,639487688433E2;1,985547826493E-1
5,642525368152E2;1,972148233125E-1
5,645563047872E2;1,958748639758E-1
5,648600727592E2;1,945349046391E-1
5,651638407312E2;1,931949453024E-1
5,654676087032E2;1,918549859656E-1
5,657713766752E2;1,905150266289E-1
5,660751446472E2;1,891750672922E-1
5,663789126192E2;1,878351079554E-1
5,666826805912E2;1,864951486187E-1
5,669864485632E2;1,851551892820E-1
5,672902165352E2;1,838152299453E-1
5,675939845072E2;1,824752706085E-1
5,678977524792E2;1,811353112718E-1
5,682015204512E2;1,797953519351E-1
5,685052884231E2;1,784553925984E-1
5,688090563951E2;1,771154332616E-1
5,691128243671E2;1,757754739249E-1
5,694165923391E2;1,744355145882E-1
5,697203603111E2;1,730955552514E-1
5,700242547898E2;1,713836661139E-1
5,702777236840E2;1,693000158513E-1
5,708427562115E2;1,671083963072E-1
5,710875438972E2;1,663962645947E-1
5,714458299466E2;1,657813856376E-1
5,718460529787E2;1,657242608186E-1
5,721495932386E2;1,650537751233E-1
5,725203085747E2;1,650525381686E-1
5,730483729878E2;1,644147769544E-1
5,738608118904E2;1,624817526385E-1
5,742741473455E2;1,610298488976E-1
5,747885518776E2;1,590615559097E-1
5,750754283541E2;1,584608625744E-1
5,754887638093E2;1,570089588336E-1
5,760031683414E2;1,550406658456E-1
5,762900448178E2;1,544399725104E-1
5,769226480714E2;1,523736536704E-1
5,773104607927E2;1,516470973789E-1
5,777656573265E2;1,509761056566E-1
5,780691975863E2;1,503056199613E-1
5,784738420288E2;1,496347969147E-1
5,788277066678E2;1,496336161852E-1
5,791312469277E2;1,489631304899E-1
5,794345594754E2;1,489621184360E-1
5,798052748116E2;1,489608814813E-1
5,802478143465E2;1,483457213981E-1
5,806985135658E2;1,485115857839E-1
5,809511222142E2;1,489570581666E-1
5,812544347619E2;1,489560461128E-1
5,815577473097E2;1,489550340589E-1
5,818610598574E2;1,489540220050E-1
5,821643724052E2;1,489530099511E-1
5,824676849529E2;1,489519978972E-1
5,827709975007E2;1,489509858434E-1
5,830743100484E2;1,489499737895E-1
5,833776225962E2;1,489489617356E-1
5,836809351439E2;1,489479496817E-1
5,839842476917E2;1,489469376278E-1
5,842875602394E2;1,489459255740E-1
5,845906450750E2;1,496143871615E-1
5,848939576228E2;1,496133751076E-1
5,853486987323E2;1,502813306682E-1
5,867131497729E2;1,516157237086E-1
5,871615007109E2;1,524929108666E-1
5,877274744485E2;1,543460201752E-1
5,880818969822E2;1,551816786862E-1
5,885312033624E2;1,569654405167E-1
5,891373730336E2;1,583023636918E-1
5,895836508426E2;1,590819263053E-1
5,898951989788E2;1,596387808400E-1
5,901275298626E2;1,602516891033E-1
5,906530249239E2;1,609751979881E-1
5,911013758619E2;1,618523851461E-1
5,916797915369E2;1,642819434770E-1
5,919488081088E2;1,660291139373E-1
5,921169102582E2;1,672187270477E-1
5,924701676649E2;1,690028093619E-1
5,927730247884E2;1,703407445909E-1
5,930758819119E2;1,716786798199E-1
5,933787390354E2;1,730166150488E-1
5,936815961589E2;1,743545502778E-1
5,941021931006E2;1,763243725916E-1
5,942869561870E2;1,780718241779E-1
5,945897121051E2;1,797073032475E-1
5,948925692287E2;1,810452384765E-1
5,951954263522E2;1,823831737055E-1
5,954982834757E2;1,837211089345E-1
5,959188804174E2;1,856909312483E-1
5,961969422208E2;1,880926672340E-1
5,965576002715E2;1,904123031601E-1
5,967088580492E2;1,915833760057E-1
5,968601727549E2;1,925870804409E-1
5,970113040258E2;1,941300830872E-1
5,974317997622E2;1,963974492416E-1
5,977098615656E2;1,987991852274E-1
5,980122632649E2;2,014760677392E-1
5,983146649641E2;2,041529502511E-1
5,986170666634E2;2,068298327629E-1
5,988262961523E2;2,084805010745E-1
5,989190129384E2;2,108456625575E-1
5,992214146376E2;2,135225450694E-1
5,995238163369E2;2,161994275812E-1
5,998262180361E2;2,188763100930E-1
6,000353210184E2;2,208989082054E-1
6,004558167547E2;2,231662743598E-1
6,006405798411E2;2,249137259461E-1
6,010610755775E2;2,271810921006E-1
6,013300921494E2;2,289282625608E-1
6,014981942988E2;2,301178756712E-1
6,019691915237E2;2,325338450703E-1
6,022472533272E2;2,349355810561E-1
6,025496550264E2;2,376124635679E-1
6,027588845154E2;2,392631318795E-1
6,028516013014E2;2,416282933626E-1
6,031540030007E2;2,443051758744E-1
6,033632324896E2;2,459558441860E-1
6,034559492757E2;2,483210056691E-1
6,037583509750E2;2,509978881809E-1
6,039675804639E2;2,526485564925E-1
6,040602972500E2;2,550137179756E-1
6,043626989492E2;2,576906004874E-1
6,045719284382E2;2,593412687989E-1
6,046646452242E2;2,617064302820E-1
6,049670469235E2;2,643833127938E-1
6,051762764124E2;2,660339811054E-1
6,052689931985E2;2,683991425885E-1
6,055713948977E2;2,710760251003E-1
6,058383778739E2;2,738478677843E-1
6,059314608969E2;2,751362924941E-1
6,061757428720E2;2,777687374068E-1
6,064781445713E2;2,804456199186E-1
6,066873740602E2;2,820962882302E-1
6,067800908463E2;2,844614497133E-1
6,069893203352E2;2,861121180249E-1
6,070820371213E2;2,884772795079E-1
6,072912666102E2;2,901279478195E-1
6,073839833963E2;2,924931093026E-1
6,075932128853E2;2,941437776142E-1
6,076859296713E2;2,965089390973E-1
6,078951591603E2;2,981596074089E-1
6,079878759463E2;3,005247688919E-1
6,081971054353E2;3,021754372035E-1
6,082898222213E2;3,045405986866E-1
6,084990517103E2;3,061912669982E-1
6,085917684963E2;3,085564284813E-1
6,088009979853E2;3,102070967928E-1
6,088582960482E2;3,126672184481E-1
6,089513790713E2;3,139556431579E-1
6,091956610464E2;3,165880880706E-1
6,094048905353E2;3,182387563822E-1
6,094976073214E2;3,206039178653E-1
6,097068368103E2;3,222545861768E-1
6,097995535964E2;3,246197476599E-1
6,100087830853E2;3,262704159715E-1
6,101014998714E2;3,286355774546E-1
6,103107293603E2;3,302862457662E-1
6,104034461464E2;3,326514072492E-1
6,107058478456E2;3,353282897611E-1
6,109150773346E2;3,369789580726E-1
6,110077941207E2;3,393441195557E-1
6,112170236096E2;3,409947878673E-1
6,113097403957E2;3,433599493504E-1
6,115189698846E2;3,450106176620E-1
6,115762679476E2;3,474707393172E-1
6,116693509706E2;3,487591640270E-1
6,118204607354E2;3,503653947395E-1
6,119131775214E2;3,527305562226E-1
6,121224070104E2;3,543812245341E-1
6,122151237965E2;3,567463860172E-1
6,124243532854E2;3,583970543288E-1
6,125170700715E2;3,607622158119E-1
6,127262995604E2;3,624128841235E-1
6,127835976233E2;3,648730057787E-1
6,128766806464E2;3,661614304885E-1
6,130277904112E2;3,677676612010E-1
6,131205071972E2;3,701328226841E-1
6,133297366862E2;3,717834909956E-1
6,134224534722E2;3,741486524787E-1
6,136312275370E2;3,771382680731E-1
6,136316829612E2;3,757993207903E-1
6,137239443230E2;3,795034295562E-1
6,139331738120E2;3,811540978678E-1
6,139904718749E2;3,836142195230E-1
6,140835548979E2;3,849026442328E-1
6,142346646627E2;3,865088749453E-1
6,143273814488E2;3,888740364284E-1
6,145366109377E2;3,905247047400E-1
6,145939090007E2;3,929848263952E-1
6,146869920237E2;3,942732511050E-1
6,148381017885E2;3,958794818175E-1
6,148953998514E2;3,983396034727E-1
6,149884828745E2;3,996280281825E-1
6,151395926393E2;4,012342588950E-1
6,152323094253E2;4,035994203781E-1
6,154415389143E2;4,052500886897E-1
6,154988369772E2;4,077102103449E-1
6,155919200003E2;4,089986350547E-1
6,157430297650E2;4,106048657672E-1
6,158003278280E2;4,130649874224E-1
6,158934108510E2;4,143534121322E-1
6,160445206158E2;4,159596428447E-1
6,161018186787E2;4,184197644999E-1
6,161949017018E2;4,197081892097E-1
6,163460114666E2;4,213144199222E-1
6,164033095295E2;4,237745415774E-1
6,164963925525E2;4,250629662872E-1
6,166475023173E2;4,266691969997E-1
6,167048003803E2;4,291293186549E-1
6,167978834033E2;4,304177433647E-1
6,169489931681E2;4,320239740772E-1
6,170062912310E2;4,344840957325E-1
6,170993742541E2;4,357725204423E-1
6,172504840189E2;4,373787511547E-1
6,173432008049E2;4,397439126378E-1
6,175519748696E2;4,427335282322E-1
6,175524302939E2;4,413945809494E-1
6,176446916557E2;4,450986897153E-1
6,178534657204E2;4,480883053097E-1
6,178539211446E2;4,467493580269E-1
6,179461825064E2;4,504534667928E-1
6,181549565711E2;4,534430823873E-1
6,181554119954E2;4,521041351044E-1
6,182476733572E2;4,558082438703E-1
6,184569028462E2;4,574589121819E-1
6,185142009091E2;4,599190338372E-1
6,186072839321E2;4,612074585470E-1
6,187583936969E2;4,628136892594E-1
6,188511104830E2;4,651788507425E-1
6,190598845477E2;4,681684663369E-1
6,190603399719E2;4,668295190541E-1
6,191526013337E2;4,705336278200E-1
6,193618308227E2;4,721842961316E-1
6,194191288856E2;4,746444177868E-1
6,195122119087E2;4,759328424966E-1
6,196633216735E2;4,775390732091E-1
6,197560384595E2;4,799042346922E-1
6,199648125242E2;4,828938502866E-1
6,199652679485E2;4,815549030038E-1
6,200575293103E2;4,852590117697E-1
6,202667587992E2;4,869096800813E-1
6,203594755853E2;4,892748415644E-1
6,205687050742E2;4,909255098760E-1
6,206260031372E2;4,933856315312E-1
6,207190861602E2;4,946740562410E-1
6,208701959250E2;4,962802869535E-1
6,209629127111E2;4,986454484365E-1
6,211721422000E2;5,002961167481E-1
6,212648589861E2;5,026612782312E-1
6,214740884750E2;5,043119465428E-1
6,215668052611E2;5,066771080259E-1
6,217755793258E2;5,096667236203E-1
6,217760347500E2;5,083277763375E-1
6,218682961118E2;5,120318851034E-1
6,220775256008E2;5,136825534150E-1
6,221702423868E2;5,160477148980E-1
6,223794718758E2;5,176983832096E-1
6,224367699387E2;5,201585048649E-1
6,225298529618E2;5,214469295747E-1
6,226809627266E2;5,230531602871E-1
6,227382607895E2;5,255132819424E-1
6,228313438126E2;5,268017066522E-1
6,229824535773E2;5,284079373646E-1
6,230751703634E2;5,307730988477E-1
6,232839444281E2;5,337627144422E-1
6,232843998523E2;5,324237671593E-1
6,233766612141E2;5,361278759252E-1
6,235854352789E2;5,391174915197E-1
6,235858907031E2;5,377785442368E-1
6,236781520649E2;5,414826530028E-1
6,238873815539E2;5,431333213143E-1
6,239446796168E2;5,455934429696E-1
6,240377626399E2;5,468818676794E-1
6,241888724046E2;5,484880983918E-1
6,242461704676E2;5,509482200471E-1
6,243392534906E2;5,522366447569E-1
6,244903632554E2;5,538428754694E-1
6,245476613183E2;5,563029971246E-1
6,246407443414E2;5,575914218344E-1
6,247918541062E2;5,591976525469E-1
6,248491521691E2;5,616577742021E-1
6,249422351921E2;5,629461989119E-1
6,250928895327E2;5,658913769072E-1
6,250933449569E2;5,645524296244E-1
6,251856063187E2;5,682565383903E-1
6,253943803834E2;5,712461539847E-1
6,253948358077E2;5,699072067019E-1
6,254870971695E2;5,736113154678E-1
6,256958712342E2;5,766009310622E-1
6,256963266584E2;5,752619837794E-1
6,257531692971E2;5,790610527175E-1
6,258462523202E2;5,803494774273E-1
6,259973620850E2;5,819557081398E-1
6,260546601479E2;5,844158297950E-1
6,261477431710E2;5,857042545048E-1
6,262983975115E2;5,886494325001E-1
6,262988529357E2;5,873104852173E-1
6,263911142975E2;5,910145939832E-1
6,265998883622E2;5,940042095776E-1
6,266003437865E2;5,926652622948E-1
6,266926051483E2;5,963693710607E-1
6,269018346373E2;5,980200393723E-1
6,269591327002E2;6,004801610275E-1
6,270522157232E2;6,017685857373E-1
6,272033254880E2;6,033748164498E-1
6,272960422741E2;6,057399779329E-1
6,275052717630E2;6,073906462445E-1
6,275979885491E2;6,097558077275E-1
6,278067626138E2;6,127454233220E-1
6,278072180380E2;6,114064760391E-1
6,278994793998E2;6,151105848051E-1
6,281087088888E2;6,167612531166E-1
6,282014256749E2;6,191264145997E-1
6,284106551638E2;6,207770829113E-1
6,284679532267E2;6,232372045665E-1
6,285610362498E2;6,245256292763E-1
6,287115640836E2;6,278427370724E-1
6,287121460146E2;6,261318599888E-1
6,290135103586E2;6,318585668671E-1
6,290140922896E2;6,301476897835E-1
6,293150012094E2;6,372133439446E-1
6,293155831403E2;6,355024668610E-1
6,293161397700E2;6,338659757375E-1
6,296168557670E2;6,414988228449E-1
6,296176306207E2;6,392207528150E-1
6,299184383351E2;6,465839508168E-1
6,299191863062E2;6,443849158696E-1
6,302408685807E2;6,498260991556E-1
6,303464738729E2;6,514547974642E-1
6,304420294701E2;6,529050032035E-1
6,305222391678E2;6,548852595117E-1
6,308237300185E2;6,602400365892E-1
6,308245697070E2;6,577713525365E-1
6,311260605578E2;6,631261296140E-1
6,312768676552E2;6,656222023748E-1
6,314153482526E2;6,672024401702E-1
6,314267117201E2;6,709495907442E-1
6,314273853684E2;6,689690645550E-1
6,317282025708E2;6,763043678217E-1
6,317290422593E2;6,738356837690E-1
6,320296934216E2;6,816591448992E-1
6,320305331100E2;6,791904608465E-1
6,323311842724E2;6,870139219768E-1
6,323320239608E2;6,845452379240E-1
6,326326751231E2;6,923686990543E-1
6,326335148116E2;6,899000150015E-1
6,329341659739E2;6,977234761318E-1
6,329350056623E2;6,952547920790E-1
6,332364965131E2;7,006095691565E-1
6,333873036105E2;7,031056419174E-1
6,335257842079E2;7,046858797127E-1
6,335376948170E2;7,068244338984E-1
6,338403242284E2;7,088318427688E-1
6,339911961605E2;7,111373015067E-1
6,341549287673E2;7,127881216264E-1
6,342935978598E2;7,138141840185E-1
6,344320784572E2;7,153944218139E-1
6,345372877834E2;7,181872603990E-1
6,346961169891E2;7,193917816252E-1
6,350490850117E2;7,220266533588E-1
6,351998921091E2;7,245227261197E-1
6,353432995113E2;7,264804557953E-1
6,356530904689E2;7,297263656009E-1
6,359553792609E2;7,327351954600E-1
6,361061863583E2;7,352312682208E-1
6,362446669558E2;7,368115060162E-1
6,362565775649E2;7,389500602018E-1
6,365585238399E2;7,429658899965E-1
6,365592069762E2;7,409574690722E-1
6,368809540854E2;7,462080383352E-1
6,369865593776E2;7,478367366438E-1
6,370821149748E2;7,492869423832E-1
6,371623246725E2;7,512671986914E-1
6,374644948644E2;7,546247127386E-1
6,377663089399E2;7,590292091751E-1
6,377669920763E2;7,570207882508E-1
6,380688229139E2;7,613760039887E-1
6,383707834209E2;7,653499916808E-1
6,383713400505E2;7,637135005573E-1
6,385216098106E2;7,677893451471E-1
6,386223294127E2;7,689196743902E-1
6,389751370880E2;7,720259671462E-1
6,392770776702E2;7,760585337819E-1
6,392776342998E2;7,744220426585E-1
6,394279040599E2;7,784978872482E-1
6,395286236620E2;7,796282164913E-1
6,398814313373E2;7,827345092474E-1
6,401833719195E2;7,867670758831E-1
6,401839285491E2;7,851305847596E-1
6,403343450570E2;7,887749907804E-1
6,404728256544E2;7,903552285758E-1
6,404847362635E2;7,924937827614E-1
6,407870879926E2;7,953175775445E-1
6,410892164373E2;7,987978284260E-1
6,413911570195E2;8,028303950617E-1
6,413917136491E2;8,011939039383E-1
6,415421301570E2;8,048383099591E-1
6,416806107544E2;8,064185477544E-1
6,416925213635E2;8,085571019400E-1
6,419948730926E2;8,113808967232E-1
6,423217794627E2;8,144677496110E-1
6,424484244063E2;8,155468520602E-1
6,425869050037E2;8,171270898555E-1
6,427503706813E2;8,195626818549E-1
6,430532278048E2;8,209006170838E-1
6,431917084022E2;8,224808548792E-1
6,433551740798E2;8,249164468785E-1
6,436580312033E2;8,262543821075E-1
6,437965118007E2;8,278346199028E-1
6,438557232780E2;8,302426650606E-1
6,444012962232E2;8,332441743966E-1
6,444605266765E2;8,355964300842E-1
6,450060996217E2;8,385979394202E-1
6,450180292068E2;8,406807041357E-1
6,454719859746E2;8,436546244612E-1
6,456104665720E2;8,452348622565E-1
6,457737855018E2;8,481018928248E-1
6,458745051039E2;8,492322220679E-1
6,462627390927E2;8,522212388638E-1
6,463785889003E2;8,534556578484E-1
6,464793085024E2;8,545859870915E-1
6,469366730453E2;8,568299846408E-1
6,472868515944E2;8,583769722493E-1
6,476369542394E2;8,601471177382E-1
6,481048390824E2;8,611860289978E-1
6,484419725732E2;8,620719556627E-1
6,488015926361E2;8,637277011112E-1
6,491043232529E2;8,654375661410E-1
6,496534010672E2;8,674236965786E-1
6,500130211301E2;8,690794420271E-1
6,503157517469E2;8,707893070569E-1
6,508648295612E2;8,727754374945E-1
6,512244496241E2;8,744311829430E-1
6,515776817295E2;8,762896512174E-1
6,519832376530E2;8,785124356956E-1
6,521325655704E2;8,797839359127E-1
6,524352961872E2;8,814938009425E-1
6,529843740014E2;8,834799313801E-1
6,533439940644E2;8,851356768286E-1
6,536940967094E2;8,869058223176E-1
6,541619815524E2;8,879447335771E-1
6,547075342565E2;8,891479644347E-1
6,550103913800E2;8,904858996637E-1
6,553137039278E2;8,904848876098E-1
6,556164598459E2;8,921203666794E-1
6,559196458869E2;8,924912844263E-1
6,562229584346E2;8,924902723724E-1
6,565867057798E2;8,931585315492E-1
6,568292988900E2;8,933250903164E-1
6,570380919307E2;8,937818667787E-1
6,575871817631E2;8,944941390542E-1
6,580419228726E2;8,951620946148E-1
6,583452354204E2;8,951610825610E-1
6,586483202560E2;8,958295441485E-1
6,589516328037E2;8,958285320946E-1
6,592549453515E2;8,958275200407E-1
6,595582578992E2;8,958265079869E-1
6,598615704470E2;8,958254959330E-1
6,603167669807E2;8,951545042107E-1
6,606203072406E2;8,944840185154E-1
6,616828120062E2;8,918025817612E-1
6,619865799782E2;8,904626224244E-1
6,624417765119E2;8,897916307022E-1
6,628969730457E2;8,891206389799E-1
6,635042812775E2;8,871101939479E-1
6,637574212542E2;8,859935611673E-1
6,642634734954E2;8,844297692475E-1
6,646850445390E2;8,835357320952E-1
6,650170965253E2;8,821988663502E-1
6,652754261697E2;8,817485011689E-1
6,656294173155E2;8,813753906386E-1
6,657814025069E2;8,804078671296E-1
6,661691962522E2;8,797371003082E-1
6,663884830266E2;8,790668957390E-1
6,667900391234E2;8,781868727217E-1
6,668443626967E2;8,763874830925E-1
6,670977303855E2;8,746013766704E-1
6,674522528596E2;8,726661609768E-1
6,674528094892E2;8,710296698533E-1
6,677061771780E2;8,692435634313E-1
6,680606996521E2;8,673083477376E-1
6,680612562817E2;8,656718566142E-1
6,683146239705E2;8,638857501921E-1
6,686690199378E2;8,623224642993E-1
6,688013510428E2;8,596887627530E-1
6,689732433340E2;8,596435576797E-1
6,691251273200E2;8,589735780113E-1
6,692770113060E2;8,583035983430E-1
6,695803238538E2;8,583025862891E-1
6,698838641136E2;8,576321005938E-1
6,700355203875E2;8,576315945669E-1
6,702316943814E2;8,567940988969E-1
6,703896127387E2;8,569609401959E-1
6,706382807023E2;8,566067775632E-1
6,707279787214E2;8,560811280232E-1
6,712498079337E2;8,545777219849E-1
6,715536771111E2;8,529402188075E-1
6,716886762432E2;8,517514539951E-1
6,720942909923E2;8,488471917919E-1
6,721618392634E2;8,484192476201E-1
6,723745641335E2;8,472246445219E-1
6,725835137263E2;8,459826330247E-1
6,726467408436E2;8,446351078824E-1
6,727701152718E2;8,435635396120E-1
6,731413872376E2;8,419258115338E-1
6,733982971150E2;8,396338693377E-1
6,735302183382E2;8,382052203459E-1
6,736823300363E2;8,368657670362E-1
6,740841138452E2;8,353162703774E-1
6,742081315602E2;8,329727014856E-1
6,746615933703E2;8,312091730016E-1
6,749185032477E2;8,289172308055E-1
6,750504244709E2;8,274885818138E-1
6,752025361690E2;8,261491285040E-1
6,756043199779E2;8,245996318452E-1
6,756586435512E2;8,228002422160E-1
6,759120112400E2;8,210141357940E-1
6,762665337141E2;8,190789201004E-1
6,762670903437E2;8,174424289769E-1
6,765204580325E2;8,156563225549E-1
6,768749805066E2;8,137211068612E-1
6,768755371362E2;8,120846157377E-1
6,770953805402E2;8,097779200450E-1
6,773522904176E2;8,074859778489E-1
6,774842116408E2;8,060573288572E-1
6,777038273327E2;8,044201068059E-1
6,780355937753E2;8,012687579733E-1
6,783964264053E2;7,993595562813E-1
6,787003208840E2;7,976476671438E-1
6,787008775136E2;7,960111760203E-1
6,788529322837E2;7,948390911209E-1
6,790049301258E2;7,938343746318E-1
6,791572126080E2;7,919928160909E-1
6,791576680322E2;7,906538688081E-1
6,794679163117E2;7,888396778909E-1
6,799172144689E2;7,869320406655E-1
6,799177710986E2;7,852955495420E-1
6,801932572249E2;7,828845279619E-1
6,803741061929E2;7,812771896126E-1
6,803745616172E2;7,799382423298E-1
6,807632889822E2;7,777611584096E-1
6,809826440703E2;7,756515869169E-1
6,811248680020E2;7,736575708929E-1
6,812493177374E2;7,719016489778E-1
6,813181095698E2;7,702946845263E-1
6,813843737975E2;7,686877285085E-1
6,815921383385E2;7,672141949272E-1
6,819939221474E2;7,656646982685E-1
6,820482457207E2;7,638653086393E-1
6,823928045244E2;7,614986881119E-1
6,825350031547E2;7,595790580480E-1
6,826070621139E2;7,579210752374E-1
6,828092596356E2;7,558290948075E-1
6,831979870006E2;7,536520108873E-1
6,834849827097E2;7,508429864683E-1
6,837215654849E2;7,488635327750E-1
6,838239556988E2;7,472054487591E-1
6,840261532205E2;7,451134683292E-1
6,844148805856E2;7,429363844090E-1
6,845668683071E2;7,407228974730E-1
6,848267093455E2;7,397215404405E-1
6,848338908166E2;7,390436751857E-1
6,849636440307E2;7,384156114155E-1
6,852425913812E2;7,357367891337E-1
6,855463593532E2;7,343968297970E-1
6,859479154500E2;7,335168067797E-1
6,862654438758E2;7,307346453630E-1
6,864578909813E2;7,297074781454E-1
6,868596747903E2;7,281579814867E-1
6,869139983636E2;7,263585918575E-1
6,871338417676E2;7,240518961648E-1
6,872186771841E2;7,223407379550E-1
6,873328748137E2;7,210014111520E-1
6,874016666461E2;7,193944467005E-1
6,874737256052E2;7,177364638899E-1
6,876759231269E2;7,156444834600E-1
6,876763785512E2;7,143055361771E-1
6,880651059162E2;7,121284522569E-1
6,881327136455E2;7,102871762478E-1
6,883525570495E2;7,079804805551E-1
6,884373924660E2;7,062693223454E-1
6,885515900957E2;7,049299955423E-1
6,886203819280E2;7,033230310908E-1
6,886924408871E2;7,016650482803E-1
6,888946384089E2;6,995730678503E-1
6,888950938331E2;6,982341205675E-1
6,892662645935E2;6,968939363299E-1
6,893509735032E2;6,955547079209E-1
6,895031762862E2;6,939474651546E-1
6,896604403506E2;6,923223528902E-1
6,898381863614E2;6,899295100468E-1
6,899102453206E2;6,882715272363E-1
6,901124428423E2;6,861795468063E-1
6,905011702074E2;6,840024628861E-1
6,907881659164E2;6,811934384671E-1
6,909867435383E2;6,794819007372E-1
6,910555353706E2;6,778749362856E-1
6,911275943298E2;6,762169534751E-1
6,913297918515E2;6,741249730452E-1
6,914819035496E2;6,727855197354E-1
6,915329869692E2;6,712232458964E-1
6,916344706720E2;6,701071191427E-1
6,920231980370E2;6,679300352225E-1
6,920908057663E2;6,660887592134E-1
6,922050033960E2;6,647494324103E-1
6,922433728887E2;6,634103586207E-1
6,923251215408E2;6,608660889023E-1
6,924766260066E2;6,588348489743E-1
6,928522751054E2;6,567135980987E-1
6,928527305297E2;6,553746508159E-1
6,932239012901E2;6,540344665783E-1
6,933086101998E2;6,526952381694E-1
6,934228078294E2;6,513559113663E-1
6,934915996618E2;6,497489469148E-1
6,936034923387E2;6,477550320961E-1
6,938774047213E2;6,450167179138E-1
6,940698518268E2;6,439895506962E-1
6,944716356357E2;6,424400540374E-1
6,946397014144E2;6,406402848880E-1
6,947084932467E2;6,390333204365E-1
6,948203859237E2;6,370394056178E-1
6,950942983062E2;6,343010914355E-1
6,952867454117E2;6,332739242179E-1
6,956885292206E2;6,317244275591E-1
6,958565949994E2;6,299246584097E-1
6,958949644921E2;6,285855846201E-1
6,959258422559E2;6,269787466753E-1
6,960377349329E2;6,249848318567E-1
6,963234731650E2;6,221572151645E-1
6,965043221330E2;6,205498768153E-1
6,968930494981E2;6,183727928951E-1
6,969606572274E2;6,165315168859E-1
6,970748548570E2;6,151921900829E-1
6,971436466894E2;6,135852256313E-1
6,972555393663E2;6,115913108127E-1
6,973359410380E2;6,092915891552E-1
6,977221265665E2;6,071563557713E-1
6,981108539315E2;6,049792718511E-1
6,981784616608E2;6,031379958419E-1
6,982926592905E2;6,017986690389E-1
6,983310287832E2;6,004595952493E-1
6,984127774353E2;5,979153255309E-1
6,985642819011E2;5,958840856029E-1
6,989399309999E2;5,937628347273E-1
6,989403864242E2;5,924238874445E-1
6,993291137892E2;5,902468035243E-1
6,995104637239E2;5,884051479949E-1
6,995488332167E2;5,870660742053E-1
6,995797109805E2;5,854592362605E-1
6,996916036575E2;5,834653214418E-1
6,997720053291E2;5,811655997843E-1
7,001581908576E2;5,790303664005E-1
7,003103025557E2;5,776909130907E-1
7,006042738462E2;5,754286015831E-1
7,007287235816E2;5,736726796681E-1
7,007670930743E2;5,723336058785E-1
7,007979708382E2;5,707267679337E-1
7,009098635152E2;5,687328531150E-1
7,011956017473E2;5,659052364229E-1
7,013764507153E2;5,642978980736E-1
7,017651780804E2;5,621208141534E-1
7,018327858097E2;5,602795381443E-1
7,019469834393E2;5,589402113412E-1
7,019853529320E2;5,576011375516E-1
7,020671015842E2;5,550568678332E-1
7,022186060500E2;5,530256279052E-1
7,025942551488E2;5,509043770296E-1
7,029829825138E2;5,487272931094E-1
7,030505902431E2;5,468860171003E-1
7,031647878728E2;5,455466902972E-1
7,032335797051E2;5,439397258457E-1
7,033454723821E2;5,419458110270E-1
7,036312106142E2;5,391181943349E-1
7,038120595822E2;5,375108559856E-1
7,042007869473E2;5,353337720654E-1
7,043821368820E2;5,334921165361E-1
7,045017996026E2;5,309477203109E-1
7,046533040684E2;5,289164803829E-1
7,050289531672E2;5,267952295073E-1
7,054176805322E2;5,246181455871E-1
7,055990304669E2;5,227764900578E-1
7,057186931875E2;5,202320938326E-1
7,058701976533E2;5,182008539046E-1
7,062458467521E2;5,160796030290E-1
7,066345741172E2;5,139025191088E-1
7,068159240519E2;5,120608635795E-1
7,068542935446E2;5,107217897899E-1
7,068547489688E2;5,093828425070E-1
7,068856267327E2;5,077760045622E-1
7,069975194097E2;5,057820897436E-1
7,070779210813E2;5,034823680860E-1
7,074641066098E2;5,013471347022E-1
7,074645620341E2;5,000081874194E-1
7,078532893991E2;4,978311034991E-1
7,079208971284E2;4,959898274900E-1
7,080350947581E2;4,946505006869E-1
7,080734642508E2;4,933114268974E-1
7,080739196750E2;4,919724796145E-1
7,081047974389E2;4,903656416697E-1
7,082166901158E2;4,883717268510E-1
7,082970917875E2;4,860720051935E-1
7,086832773160E2;4,839367718097E-1
7,086837327402E2;4,825978245268E-1
7,090724601053E2;4,804207406066E-1
7,092538100400E2;4,785790850772E-1
7,092921795327E2;4,772400112877E-1
7,093739281849E2;4,746957415692E-1
7,095254326506E2;4,726645016412E-1
7,099010817494E2;4,705432507657E-1
7,102898091145E2;4,683661668455E-1
7,103574168438E2;4,665248908363E-1
7,104716144735E2;4,651855640333E-1
7,105912771941E2;4,626411678081E-1
7,107427816598E2;4,606099278801E-1
7,111184307586E2;4,584886770045E-1
7,111188861829E2;4,571497297217E-1
7,115076135480E2;4,549726458015E-1
7,116889634827E2;4,531309902721E-1
7,117273329754E2;4,517919164825E-1
7,118090816275E2;4,492476467641E-1
7,119605860933E2;4,472164068361E-1
7,123362351921E2;4,450951559605E-1
7,127249625572E2;4,429180720403E-1
7,127925702865E2;4,410767960312E-1
7,129067679161E2;4,397374692281E-1
7,130264306367E2;4,371930730029E-1
7,131779351025E2;4,351618330749E-1
7,135535842013E2;4,330405821994E-1
7,137056958994E2;4,317011288896E-1
7,139996671899E2;4,294388173820E-1
7,141241169253E2;4,276828954670E-1
7,142437796459E2;4,251384992418E-1
7,143952841117E2;4,231072593138E-1
7,147709332105E2;4,209860084382E-1
7,151596605756E2;4,188089245180E-1
7,153410105103E2;4,169672689887E-1
7,154606732309E2;4,144228727635E-1
7,156121776967E2;4,123916328355E-1
7,159878267955E2;4,102703819599E-1
7,163765541605E2;4,080932980397E-1
7,165579040952E2;4,062516425104E-1
7,166775668158E2;4,037072462852E-1
7,168290712816E2;4,016760063572E-1
7,172044926683E2;4,002242291231E-1
7,176062764772E2;3,986747324643E-1
7,177743422559E2;3,968749633149E-1
7,178431340883E2;3,952679988634E-1
7,179550267652E2;3,932740840447E-1
7,180354284369E2;3,909743623872E-1
7,184216139654E2;3,888391290033E-1
7,188103413304E2;3,866620450831E-1
7,189916912651E2;3,848203895538E-1
7,191113539857E2;3,822759933286E-1
7,192628584515E2;3,802447534006E-1
7,196385075503E2;3,781235025250E-1
7,200272349154E2;3,759464186048E-1
7,202085848501E2;3,741047630755E-1
7,203282475707E2;3,715603668503E-1
7,204797520365E2;3,695291269223E-1
7,208554011353E2;3,674078760467E-1
7,212441285003E2;3,652307921265E-1
7,214254784350E2;3,633891365972E-1
7,215451411556E2;3,608447403720E-1
7,216966456214E2;3,588135004440E-1
7,220722947202E2;3,566922495684E-1
7,224610220853E2;3,545151656482E-1
7,226423720200E2;3,526735101189E-1
7,227620347406E2;3,501291138937E-1
7,229135392064E2;3,480978739657E-1
7,232891883052E2;3,459766230901E-1
7,236779156702E2;3,437995391699E-1
7,238592656049E2;3,419578836406E-1
7,239789283255E2;3,394134874154E-1
7,241304327913E2;3,373822474874E-1
7,245060818901E2;3,352609966118E-1
7,247088215836E2;3,336982167459E-1
7,249517372859E2;3,329163545212E-1
7,251953664863E2;3,300368082199E-1
7,253468709521E2;3,280055682919E-1
7,257222923387E2;3,265537910578E-1
7,261240761476E2;3,250042943991E-1
7,264113492227E2;3,219990763073E-1
7,265628536885E2;3,199678363793E-1
7,269385027873E2;3,178465855038E-1
7,271412424808E2;3,162838056379E-1
7,273841581831E2;3,155019434131E-1
7,276072477499E2;3,135597276801E-1
7,277783677175E2;3,120695795477E-1
7,281544855238E2;3,098088535912E-1
7,285432128888E2;3,076317696710E-1
7,287245628235E2;3,057901141416E-1
7,288442255441E2;3,032457179164E-1
7,289957300099E2;3,012144779884E-1
7,293713791087E2;2,990932271129E-1
7,297601064738E2;2,969161431927E-1
7,298277142031E2;2,950748671835E-1
7,299419118327E2;2,937355403805E-1
7,300107036651E2;2,921285759289E-1
7,301225963420E2;2,901346611103E-1
7,302029980137E2;2,878349394527E-1
7,305891835422E2;2,856997060689E-1
7,309779109072E2;2,835226221487E-1
7,310455186365E2;2,816813461395E-1
7,312280526743E2;2,800740021678E-1
7,314295038966E2;2,785837528299E-1
7,318053939908E2;2,769925005149E-1
7,322660015338E2;2,752754393603E-1
7,324739112413E2;2,733751163326E-1
7,326450312089E2;2,718849682002E-1
7,330209213030E2;2,702937158851E-1
7,334227051119E2;2,687442192264E-1
7,335907708906E2;2,669444500770E-1
7,336595627230E2;2,653374856254E-1
7,337714553999E2;2,633435708068E-1
7,338518570716E2;2,610438491492E-1
7,342380426001E2;2,589086157654E-1
7,346267699651E2;2,567315318452E-1
7,348081198998E2;2,548898763158E-1
7,348464893925E2;2,535508025262E-1
7,349282380447E2;2,510065328078E-1
7,350797425105E2;2,489752928798E-1
7,354553916093E2;2,468540420042E-1
7,357656398888E2;2,450398510870E-1
7,362948011152E2;2,424159833310E-1
7,366706912094E2;2,408247310159E-1
7,370587126668E2;2,394844905531E-1
7,375098730032E2;2,370561459840E-1
7,378857630973E2;2,354648936690E-1
7,382737845548E2;2,341246532062E-1
7,387249448912E2;2,316963086371E-1
7,391008349853E2;2,301050563221E-1
7,394888564428E2;2,287648158593E-1
7,398478382792E2;2,261043229978E-1
7,399409409108E2;2,248580489265E-1
7,403163622975E2;2,234062716923E-1
7,407043837550E2;2,220660312295E-1
7,411555440914E2;2,196376866605E-1
7,415316618976E2;2,173769607040E-1
7,418419101771E2;2,155627697868E-1
7,422788929037E2;2,127067537383E-1
7,423719955353E2;2,114604796669E-1
7,427476446341E2;2,093392287914E-1
7,429503843275E2;2,077764489255E-1
7,431933000299E2;2,069945867007E-1
7,434369292302E2;2,041150403995E-1
7,435884336960E2;2,020838004715E-1
7,439638550827E2;2,006320232374E-1
7,443656388916E2;1,990825265786E-1
7,446020410784E2;1,970147402605E-1
7,448034923008E2;1,955244909227E-1
7,451796101070E2;1,932637649662E-1
7,454898583865E2;1,914495740490E-1
7,460190196130E2;1,888257062929E-1
7,463951374192E2;1,865649803364E-1
7,467053856987E2;1,847507894192E-1
7,472345469252E2;1,821269216631E-1
7,476104370193E2;1,805356693481E-1
7,479984584768E2;1,791954288853E-1
7,484496188132E2;1,767670843162E-1
7,488255089073E2;1,751758320012E-1
7,492135303648E2;1,738355915384E-1
7,495566356060E2;1,714076075135E-1
7,498383724301E2;1,698166693569E-1
7,504710579130E2;1,675085961464E-1
7,508802180133E2;1,647084623396E-1
7,513066601988E2;1,631170413489E-1
7,515553281623E2;1,627628787162E-1
7,521194928536E2;1,606456479435E-1
7,525212766625E2;1,590961512848E-1
7,527699446261E2;1,587419886521E-1
7,532399715444E2;1,565795106373E-1
7,533103750725E2;1,551882598477E-1
7,536857964592E2;1,537364826135E-1
7,540738179167E2;1,523962421507E-1
7,543979091956E2;1,501356897896E-1
7,549013237714E2;1,470376979838E-1
7,553031075803E2;1,454882013250E-1
7,556812540576E2;1,428365442562E-1
7,561163197553E2;1,419010185173E-1
7,565044171168E2;1,403376201741E-1
7,568755878772E2;1,389974359365E-1
7,573314675473E2;1,363180232900E-1
7,577868917932E2;1,349775579263E-1
7,582420883269E2;1,343065662041E-1
7,586975695008E2;1,327987324300E-1
7,591973504417E2;1,316254872831E-1
7,594564011745E2;1,311783076619E-1
7,597602450505E2;1,296151904447E-1
7,601482665080E2;1,282749499819E-1
7,607662772097E2;1,257623645780E-1
7,609750892264E2;1,249248267392E-1
7,613628829717E2;1,242540599178E-1
7,617340537321E2;1,229138756802E-1
7,621899334022E2;1,202344630337E-1
7,625779548597E2;1,188942225709E-1
7,628577371548E2;1,187147629280E-1
7,631007818940E2;1,175535323064E-1
7,634854635737E2;1,161240399364E-1
7,637585663131E2;1,157660764792E-1
7,644327934451E2;1,139395132033E-1
7,646189386176E2;1,128621565470E-1
7,649899828712E2;1,118939021102E-1
7,653478754847E2;1,099586751715E-1
7,655976073699E2;1,089536325762E-1
7,661373230533E2;1,075013071462E-1
7,665251167986E2;1,068305403249E-1
7,669762771350E2;1,044021957558E-1
7,673521672291E2;1,028109434407E-1
7,677401886866E2;1,014707029779E-1
7,681913490230E2;9,904235840889E-2
7,686514926026E2;9,745082496776E-2
7,688707793770E2;9,678062039853E-2
7,691743196369E2;9,611013470323E-2
7,695590013165E2;9,468064233328E-2
7,698321040560E2;9,432267887603E-2
7,705063311880E2;9,249611560016E-2
7,706924763604E2;9,141875894386E-2
7,711479006063E2;9,007829358020E-2
7,714139486073E2;8,922940688242E-2
7,716477384752E2;8,873768002293E-2
7,719067892080E2;8,829050040170E-2
7,722106330840E2;8,672738318450E-2
7,725144010560E2;8,538742384777E-2
7,729696545178E2;8,454906371517E-2
7,732192156189E2;8,404612635092E-2
7,734754980229E2;8,359895596669E-2
7,741088929556E2;8,217756002778E-2
7,746391828751E2;8,069402398065E-2
7,749427231350E2;8,002353828534E-2
7,752614318687E2;7,934463356683E-2
7,755498036547E2;7,868256689474E-2
7,759080897042E2;7,806768793760E-2
7,763083127362E2;7,801056311861E-2
7,767349503746E2;7,770229783219E-2
7,772189335158E2;7,599910603270E-2
7,775222460636E2;7,599809397882E-2
7,778255586113E2;7,599708192494E-2
7,782807551451E2;7,532609020270E-2
7,785842954049E2;7,465560450740E-2
7,790395488667E2;7,381724437480E-2
7,792891099678E2;7,331430701054E-2
7,795453923718E2;7,286713662632E-2
7,802196195038E2;7,104057335044E-2
7,804057646763E2;6,996321669415E-2
7,807768089299E2;6,899496225735E-2
7,811347015434E2;6,705973531867E-2
7,813844334286E2;6,605469272335E-2
7,817722651260E2;6,527234696173E-2
7,820755776738E2;6,527133490785E-2
7,823788902215E2;6,527032285397E-2
7,828340867552E2;6,459933113173E-2
7,831376270151E2;6,392884543642E-2
7,835422714576E2;6,325802238983E-2
7,841457541258E2;6,258653588569E-2
7,844020365297E2;6,213936550146E-2
7,850354314624E2;6,071796956255E-2
7,855657213820E2;5,923443351542E-2
7,859872924255E2;5,834039636313E-2
7,864841754586E2;5,648653012259E-2
7,868713202244E2;5,524671351726E-2
7,870838781056E2;5,454305775605E-2
7,874950123435E2;5,337010839393E-2
7,876911863374E2;5,253261272402E-2
7,878432980355E2;5,119315941423E-2
7,880789800828E2;5,186184590264E-2
7,883893972488E2;5,078965353240E-2
7,887534633909E2;5,052064961117E-2
7,890567759386E2;5,051963755729E-2
7,893600884864E2;5,051862550341E-2
7,896634010341E2;5,051761344953E-2
7,899667135819E2;5,051660139565E-2
7,904014615670E2;5,051515078509E-2
7,906687088518E2;5,038674042497E-2
7,913729213330E2;4,984243646281E-2
7,917868165805E2;4,984105543095E-2
7,936089689882E2;4,314024669343E-2
7,938632440414E2;4,206138344851E-2
7,957326122467E2;4,179421503343E-2
7,960359247944E2;4,179320297955E-2
7,964913490403E2;4,045273761588E-2
7,967443372089E2;3,978242059623E-2
7,993069592347E2;3,753871506281E-2
